Accession #,Phenotype,Mutation type,Exon,Pathogenicity,CpG,Position,HGVS nt position,From amino acid,To amino acid,Poly Gly #,Poly Gly,Bmax,kD,k,Thermolabile,comments,Domain,External Genitalia,Family history,Reference,To nucleotide,nucleotide position,HGVS base,From nucleotide
312,"Prostate
cancer",Substitut.,5'UTR,,,,,,, ,,,,,,+2 pos from transcription initiation site AR-TIS II (G>T),Male,Normal ,,"Crociotto et al. J Urol 158: 1599-1601, 1997",,,,
1051,"Breast
Cancer",Substitut.,5'UTR,,,,-1101,,,,,,,,,Mutation present in  primary breast tumors from 2 patients,Female,Normal ,,"Peter et al. BMC Cancer 12:132, 2012",>A,105,-1101T,105T
313,"Prostate
cancer",Substitut.,5'UTR,,,,-913,,,,,,,,,+214 pos from transcription initiation site AR-TIS II ,Male,Normal ,,"Crociotto et al. J Urol 158: 1599-1601, 1997",>A,203,-913C,203C
754,PAIS,Substitut.,1        Nterm,*,,002,4,p.(Glu2,Lys), ,,,,high,,"20-50% reduction in
mutant protein",Male,Ambiguous ,pos,"Choong et al. J Clin Invest. 98: 1423-1431, 1996",>A,1119,c.4G,1119G 
960,CAIS,Substitut.,1        Nterm,*,,002,4,p.(Glu2,Lys), 27,13,low,high,"
",,Mother heterozygous carrier,Female,Normal ,pos,"Audi et al. J Clin Endocrinol Metab 95: 1876-1888, 2010",>A,1119,c.4G,1119G 
1059,CAIS,Substitut.,1        Nterm,,,005,14,p.(Leu5,*),,,,,,,,Female,Normal ,,"Hughes et al. Semin Reprod Med 30: 432-442, 2012",,1129,c.14T,1129T
751,CAIS,Deletion,1        Nterm,,,007,19,p.(Leu7,fs),,,,,,,"Elevated testosterone
stop in codon 33  No WD development",Female,Normal ,neg,"Barbaro et al. Clin Endocrinol 66: 822-826, 2007",del C,1134,c.19,1134
963,CAIS,Duplicat.,1        Nterm,,,015,39,p.(Pro15,fs),20, 9,,,,,4 nt duplication (GCCG) causing fs and stop in codon 84,Female,Normal ,pos,"Audi et al. J Clin Endocrinol Metab 95: 1876-1888, 2010",dupGCCG,1154,c.39_42,"1154_1157
"
1060,CAIS,Substitut.,1        Nterm,,,020,58,p.(Arg20,*),,,,,,,,,,,"Hughes et al. Semin Reprod Med 30: 432-442, 2012",>T,1173,c.58,1173C
1061,CAIS,Substitut.,1        Nterm,,,024,70,p.(Gln24,*,,,,,,,,Female,Normal ,,"Hughes et al. Semin Reprod Med 30: 432-442, 2012",>T,1185,c.70,1185C
624,CAIS,Deletion,1        Nterm,,,039,115,p.(Pro39,del),,,,,,,In frame deletion of 3 nt removing proline ,,,,"Jung et al. Human Genetics 114: 222, 2004",del CCC,1230,c.115_117,1230_1232
836,CAIS,Deletion,1        Nterm,,,040,118,p.(Arg40,fs),,,,,,,1 nt  del causing framshift & stop in codon 174,Female,Normal ,pos,"Decaestecker et al.Fertility & Sterility 89: 1260 e3-7, 2008",delA,1233,c.118,1233
2,CAIS,Deletion,1        Nterm,,,042,125,p.(Pro42,fs),,,zero,,,,"1 nt del causing 
frameshift  & stop in 
Codon 174 1 aff sib",Female,Normal ,pos,"Boehmer et al. J Clin Endocrinol Metab 86: 4151-4160, 2001",delC,1240,c.125,1240
910,"Prostate
cancer",Substitut.,1        Nterm,,,043,128,p.(Glu43,Gly),,,,,,,Treated with Flutamide -occurred in two cases,Male,Normal ,,"Steinkamp et al. Cancer Res 69: 4434-4442, 2009",>G,1243,c.128A,1243A
3,"Prostate
cancer",Substitut.,1        Nterm,,,054,161,p.(Leu54,Ser),,,,,,,"Also Phe892Leu 
3789T>C mut.
Somatic mutation",Male,Normal ,,"Tilley et al. Clinical 
Cancer Res. 2: 277-
285, 1996",>C,1276,c.161T,1276T
897,CAIS,Insertion,1        Nterm,,,055,163,p.(Leu55,fs),,,,,,,,Female,Normal ,neg,Philibert et al. Fertility & Sterility 94: 472-476 2010,insC,1278,c.163_164,1278_1279
808,"Liver
cancer",Substitut.,1        Nterm,,,057,170,p.(Leu57,Gln),,,,,,,Somatic mutation ,Male,Normal ,,"Yeh et al. Int J Cancer 120: 1610-1617, 2007",>A,1285,c.170T,1285T
5,"Prostate
cancer",Substitut.,1        Nterm,,,057,170,p.(Leu57,Gln),,,,,,,Somatic mutation,Male,Normal ,,"Tilley et al. Clinical Cancer Res. 2: 277- 
285, 1996",>A,1285,c.170T,1285T
786,MAIS,Duplicat.,1        Nterm,,,057,,p.(Leu57,dup),,,,,,,"Leu duplicated -
male inferility",Male,Normal ,,"Ferlin et al. Clin Endocrinol 65: 606-610, 2006",,,,
4,"Laryngeal
cancer",Deletion,1        Nterm,,,057,,,,,,,,,,"30 nt deletion
Somatic mutation",Male,Normal ,,"Urushibata et al. 10th.
Int. Cong. Endocrinol
Abstr. P3-706, 1996",,,,
815,"Testicular 
cancer",Deletion,1        Nterm,,,057,169,p.(Leu57,del),,,,,,,3 nt deletion seminoma,Male,Normal ,,"Garolla et al. Encdorine Related Cancer 12: 645-655, 2005",delCTG,1284,c.169_171,1284_1286
1064,PAIS,Deletion,1        Nterm,,,057,169,p.(Leu57,del),,,,,,,,Female,Normal ,,"Hughes et al. Semin Reprod Med 30: 432-442, 2012",delCTG,1284,c.169_171,169_171
411,"Mental
Retard.",Deletion,1        Nterm,,,058,,,,8,,normal,normal,,,3 affected sibs - CAG = 8; normal maternal uncle CAG = 23,Male,Normal ,pos,Kooy et al. Am J Med Genet 85: 389-393. 1999,,,,
1062,CAIS,Substitut.,1        Nterm,,,058,172,p.(Gln58,*,,,,,,,,Female,Normal ,,"Hughes et al. Semin Reprod Med 30: 432-442, 2012",>T,1287,c.172C,1287C
612,MAIS ?,Substitut.,1        Nterm,,,058,173,p.(Gln58,Leu),,,,,,,2 out of 62 patients with male infertility,Male,Normal ,,"Lund et al. Fertility & Sterility 79: 1647-148, 2003",>T,1288,c.173A,1288A
6,Kennedy Syndrome,Insertion,1        Nterm,,,058-080,,,,> 40,,,,,,Expansion of polyglutamine repeat,Male,Normal ,,"LaSpada et al. Nature 352: 77-79, 1991",,,,
7,"Prostate
cancer",Deletion,1        Nterm,,,058-080,,,,18,,,,,,Contraction of poly  Gln repeats (24 to 18) Somatic mutation,Male,Normal ,,Schoenberg et al. Biochem Biophys Res Comm 198: 74-80 1994,,,,
324,"Prostate
cancer",Deletion,1        Nterm,,,058-080,,,,22,,,,,,Deletion of 1polyGln repeat (23-22) Somatic mutation,Male,Normal ,,"Watanabe et al. Jpn J Clin Oncol 27: 389-393, 1997",,,,
325,"Prostate
cancer",Insertion,1        Nterm,,,058-080,,,,22,,,,,,Insertion of 1polyGln repeat (21-22) in 2 diff patients.Som mut,Male,Normal ,,"Watanabe et al. Jpn J Clin Oncol 27: 389-393, 1997",,,,
495,"Prostate
cancer",Deletion,1        Nterm,,,058-080,,,,18,,,,,,Contraction of poly  Gln repeats (20 to 18) Somatic mutation,Male,Normal ,,"Wallin et al. J Pathology
189: 559-653, 1999",,,,
692,CAIS,Substitut.,1        Nterm,,,059,176,p.(Gln59,*) ,,,zero,,,,,Female,Normal ,,"Holterhus et al. J Mol Med (Berl) 83: 1005-1013, 2005",>T,1291,c.176C,1291C
8,CAIS,Substitut.,1        Nterm,*,,060,178,p.(Gln60,*),,,low,normal,high,,"Normal upregulation. 
",Female,Normal ,neg,"Zoppi et al. J Clin Inv 19: 1105, 1993",>T,1293,c.178C,1293C
671,CAIS,Substitut.,1        Nterm,*,,060,178,p.(Gln60,*),,,,,,,"bilateral inguinal hernia. 
",Female,Normal ,,"Bouvattier et al. J Clin Endocrinol Metab 87: 29-32, 2002",>T,1293,c.178C,1293C
1063,CAIS,Substitut.,1        Nterm,,,060,178,p.(Gln60,*),,,,,,,,Female,Normal ,,"Hughes et al. Semin Reprod Med 30: 432-442, 2012",>T,1293,c.178,1293C
409,CAIS,Duplicat.,1        Nterm,,,060,179,p.(Gln60,fs),,,,,,,either 1 nt insert  or 2 nt del. - frameshift & stop in codon 83,Female,Normal ,,"Zhu et al. J Clin Endocrinol Metab 84: 1590-1594, 1999",dupA,1294,179,1294
9,"Prostate
cancer",Substitut.,1        Nterm,,,064,188,p.(Gln64,Arg),,,,,,,"Also Leu831Pro
3607T>C mut.
Somatic mutation",Male,Normal ,,"Tilley et al. Clinical 
Cancer Res. 2: 277-
285, 1996",>G,1303,c.188A,1303A
846,CAIS,Substitut.,1        Nterm,,,067,196,p.(Gln67,*),,,,,,,Diag at 1Mo Bilateral gonadectomy at 18y,Female,Normal ,,"Cheikhelard et al. J Urol 180: 1496-1501, 2008",>T,1311,c.196C,1311C
894,CAIS,Substitut.,1        Nterm,,,070,208,p.(Gln70,*),,,,,,,,Female,Normal ,neg,Philibert et al. Fertility & Sterility 94: 472-476 2010,>T,1323,c.208C,1323C
881,MAIS ?,Substitut.,1        Nterm,,,070,209,p.(Gln70,Arg),"20,21,23",,,,,,22 CAGs in blood azoospermia Sertoli Cell only Syndrome,Male,Normal ,,"Hose et al. Fertility  & Sterility 92: 390e9-e11, 2009",>G,1324,c.209A,1324A
787,PAIS?,Substitut.,1        Nterm,,,073,217,p.(Gln73,*),,,,,,,Somatic mosiac 2/3 mutant to 1/3mutant,Female,Normal ,,"Mueller et al. Hum Genet 119: 681, 2006",>T,1332,c.217C,1332C
895,CAIS,Substitut.,1        Nterm,,,076,226,p.(Gln76,*),,,,,,,,Female,Normal ,pos,Philibert et al. Fertility & Sterility 94: 472-476 2010,>T,1341,c.226C,1341C
961,CAIS,Substitut.,1        Nterm,,,076,226,p(.Gln76,*),,18,,,,,Truncated CAG repeat ?,Female,Normal ,neg,"Audi et al. J Clin Endocrinol Metab 95: 1876-1888, 2010",>T,1341,c.226C,1341C
902,CAIS,Deletion,1        Nterm,,,076,227,p.(Gln76,del),,,,,,,,Female,Normal ,neg,Philibert et al. Fertility & Sterility 94: 472-476 2010,delA,1342,c.227,1342
807,"Liver
cancer",Substitut.,1        Nterm,,,080,240,p.(Gln80,),,,,,,,somatic mutation? present in tumor and non-tumor tissue,Male,Normal ,,"Yeh et al. Int J Cancer 120: 1610-1617, 2007",>G,1355,c.240A,1355A
962,CAIS,Insertion,1        Nterm,,,081,240,p.(Glu81,fs),21,18,,,,,1 nt insertion causing frameshift and stop in codon 83,Female,Normal ,pos,"Audi et al. J Clin Endocrinol Metab 95: 1876-1888, 2010",insA,1355,c.240_241,1355_1356
901,CAIS,Deletion,1        Nterm,,,082,244,p.(Thr82,fs),,,,,,,5 base deletion,Female,Normal ,pos,Philibert et al. Fertility & Sterility 94: 472-476 2010,delACTAG,1359,c.244_248,1359_1363
965,CAIS,Deletion,1        Nterm,,,084,,p.(Ser83,fs),20,18,zero,zero,,,10 base deletion frameshift & stop in codon 171,Female,Normal ,pos,"Audi et al. J Clin Endocrinol Metab 95: 1876-1888, 2010",,,,
882,Prostate Cancer,Deletion,1        Nterm,,,086,256,p.(Gln86,del),,,,,,,"also p.Q58L,T440P,G456S, AR23 splice var. flutamide treatmt",Male,Normal ,,"Steinkamp et al. Cancer Res 69: 4434-4442, 2009",delCAG,1371,c.256_258,1371_1373
964,CAIS,Substitut.,1        Nterm,,,086,256,p(.Gln86,*),20,,low,high,,,,Female,Normal ,pos,"Audi et al. J Clin Endocrinol Metab 95: 1876-1888, 2010",>T,1371,c.256C,1371C
416,CAIS,Insertion,1        Nterm,,,087,257,p.(Gln87,fs),25,,zero,,,,1 nt insertion causing frameshift and stop in codon 93,Female,Normal ,,"Gottlieb et al. Hum Mutat. 14: 527-539, 1999",insA,1372,c.257_258,1372_1373
796,CAIS,Substitut.,1        Nterm,,,088,262,p.(Gln88,*),,,zero,,,,,Female,Normal ,,"Jaaskelainen et al. Hum Mutat 27: 291, 2006",>T,1377,c.262C,1377C
672,CAIS,Substitut.,1        Nterm,,,090,268,p(.Gln90,*),,,,,,,bilateral inguinal hernia,Female,Normal ,,"Bouvattier et al: J Clin Endocrinol Metab 87: 29-32, 2002",>T,1383,c.268C,1383C
1065,CAIS,Substitut.,1        Nterm,,,090,268,p(.Gln90,*),,,,,,,,Female,Normal ,,"Hughes et al. Semin Reprod Med 30: 432-442, 2012",>T,1383,c.268C,1383C
806,"Liver
cancer",Substitut.,1        Nterm,,,091,270,p.(Gln90,His),,,,,,,Somatic mutation,Male,Normal ,,"Yeh et al. Int J Cancer 120: 1610-1617, 2007",>T,1385,c.270G,1385G
1066,CAIS,Substitut.,1        Nterm,,,091,271,p.(Gln91,*),,,,,,,,Female,Normal ,,"Hughes et al. Semin Reprod Med 30: 432-442, 2012",>T,1386,c.271C,1386C
1067,CAIS,Substitut.,1        Nterm,,,093,,p.(Glu93,*),,,,,,,,Female,Normal ,,"Hughes et al. Semin Reprod Med 30: 432-442, 2012",>T,1393,,1393C
529,"CWR22RProst. CA
Cell line",Substitut.,1        Nterm,,,093,,p.(Glu93,Asp),27,19,,,,,"AR indep.+p.L57Q
& H875Y mut. + Duplication of exon 3",Male,Normal ,,"Chelnski et al. The Prostate 47: 66-75, 2001",,1395,,1395G
805,"Liver
cancer",Substitut.,1        Nterm,,,102,302,  p.(Arg101,His),,,,,,,somatic mutation  ? present in tumor and non-tumor tissue,Male,Normal ,,"Yeh et al. Int J Cancer 120: 1610-1617, 2007",>A,1417,c.302G,1417G
417,CAIS,Deletion,1        Nterm,,,104,312,p.(Pro104,fs),12,25,zero,,,,1 nt deletion causing frameshift and stop in codon 174,Female,Normal ,neg,"Gottlieb et al. Hum Mutat. 14: 527-539, 1999",delC,1427,c.312,1427
898,CAIS,Insertion,1        Nterm,,,109,325,p.(Val109,fs),,,,,,,,Female,Normal ,neg,Philibert et al. Fertility & Sterility 94: 472-476 2010,insA,1440,c.325_326,1440_1441
10,"Prostate
cancer",Substitut.,1        Nterm,,,114,342,p.(Gln114,His),,,,,,,"Also Trp797*
3506G>A mut.
Somatic mutation",Male,Normal ,,"Tilley et al. Clinical
Cancer Res. 2: 277-
285, 1996",>T,1457,c.342G,1457G
418,CAIS,Substitut.,1        Nterm,,,115,343,p.(Gln115,*),25,27,,,,,,Female,Normal ,,"Gottlieb et al. Hum Mutat. 14: 527-539, 1999",>T,1458,c.343C,1458C
802,CAIS,Substitut.,1        Nterm,,,120,358,p.(Gln120,*),,,,,,,1 affected sister ,Female,Normal ,pos,"Berg et al. J Pediatr
150: 434-438, 2007",>T,1473,c.358C,1473C
1068,CAIS,Substitut.,1        Nterm,,,120,358,p.(Gln120,*),,,,,,, ,Female,Normal ,,"Hughes et al. Semin Reprod Med 30: 432-442, 2012",>T,1473,c.358C,1473C
1068,PAIS,Substitut.,1        Nterm,,,120,358,p.(Gln120,Glu),,,,,,, ,,,,"Hughes et al. Semin Reprod Med 30: 432-442, 2012",>G,1473,c.358C,1473C
631,CAIS,Substitut.,1        Nterm,,,121,362,p.(Ser121,*),25,,,,,,gonads located in inguinal canal. Same family as 0830,Female,Normal ,pos,"Melo et al. J Clin Endorinol & Metab 88: 3241-3250, 2003",>A,1477,c.362C,1477C
830,CAIS,Substitut.,1        Nterm,,,121,362,p.(Ser121,*),,,,,,,gonads located in inguinal canal. Same family as 0631,Female,Normal ,pos,"Melo et al. Arq Bras Endocrinol Metab 49: 87-97, 2005",>A,1477,c.362C,1477C
911,Prostate cancer,Substitut.,1        Nterm,,,121,363,p.(Ser121,),,,,,,,"Silent mutation. Both treated and untreated.
Occurred in 2 cases",Male,Normal ,,"Steinkamp et al. Cancer Res 69: 4434-4442, 2009",>C,1478,c.363G,1478
417,CAIS,Deletion,1        Nterm,,,127,381,p.(Pro127,fs),23,24,zero,,,,1ntdeletion causing frameshift and stop at codon 174,Female,Normal ,,"Gottlieb et al. Hum Mutat. 14: 527-539, 1999",delC,1496,c.381,1496
11,CAIS,Deletion,1        Nterm,,,129,387,p.(Arg129,fs),,,zero,,,,"1 nt deletion causing frameshift & stop in      
codon 174",Female,Normal ,neg,"Batch et al. Hum Mol Genet
1: 497-503, 1992",delA,1502,c.387,1502
436,CAIS,Deletion,1        Nterm,,,129,387,p.(Arg129,fs),,,,,,,"1 nt deletion causing frameshift & stop in      
codon 174",Female,Normal ,,"Ahmed et al. J Clin Endocrinol Metab 85: 658-665, 2000",delA,1502,c.387          ,1502
1058,CAIS,Substitut.,1        Nterm,,,131,393,p.(Cys131,*),,,,,,,,Female,Normal ,,"Cai et al. J Obstet Gynaecol 32:707-708, 2012",>A,1509,c.393,1509C
12,CAIS,Deletion,1        Nterm,,,142,,,,,,,,,,Frameshift & deletion of codons 142-150 Stop in codon 156,Female,Normal ,,"Hiort et al. Am J Med Genet. 63: 218-222, 1996",,,,
837,CAIS,Substitut.,1        Nterm,,,143,427,p.(Lys143,*),,,,,,,Sertoli-Leydig tumor,Female,Normal ,,"Jazabeck et al. Gynecol Endocrinol 23: 499-504, 2007",>T,1542,c.427A,1542A
694,"Prostate 
Cancer",Substitut.,1        Nterm,*,,144,431,p.(Gly144,Val),16,,normal,normal,,,Increased response to DHT ,Male,Normal ,,"Chen et al. The Prostate 63: 395-406, 2005
",>T,1546,c.431G,1546G
516,CAIS,Substitut.,1        Nterm,,,155,460,p.(Glu155,*),,,,,,,,Female,Normal ,,"Copelli et al. Asian J Androl 1: 73-77, 1999",>T,1575,c.460G,1575G
523,CAIS,Substitut.,1        Nterm,,,155,460,p.(Glu155,*),,,,,,,,Female,Normal ,,"Gacobini et al. Hum Genet. 108. 176, 2001",>T,1575,c.460G,1575G
788,PAIS,Substitut.,1        Nterm,,,159,475,p.(Ala159,Thr),,,,,,,,,,,"Mueller et al. Hum Genet 119: 681, 2006",>A,1590,c.475G,1590G
627,"Prostate 
Cancer",Substitut.,1        Nterm,,,168,502,p.(Gly168,Ser),,,,,,,"Orch + bicalutamitide 
treatment Gleason 10 Somatic mutation",Male,Normal ,,"Haapala et al. Lab Invest. 81: 1647-1651, 2001",>A,1617,c.502G,1617G
838,CAIS,Deletion,1        Nterm,,,168,502,p.(Gly168,fs),,,,,,,1 nt deletion causing frameshift & stop ,Female,Normal ,,"Jeske et al. J Pediatr Endocrinol Metab 20: 893-908, 2007",delG,1617,c.502,1617
13,CAIS,Substitut.,1        Nterm,,,174,521,p.(Leu174,*),,,,,,,,Female,Normal ,,"Hiort et al. Am J Med Genet. 63: 218-222, 1996
",>G,1636,c.521T,1636T
316,PAIS,Substitut.,1        Nterm,,,174,521,p.(Leu174,*),,,low,normal,,,"Somatic mosaic mut.
causes partial virulization",Female,Ambiguous ,,"Holterhus et al. J Clin Endocrinol. 82: 3584- 3589, 1997
",>G,1636,c.521T,1636T
420,CAIS,Substitut.,1        Nterm,,,174,521,p.(Leu174,*),26,24,zero,,,,,Female,Normal ,neg,"Gottlieb et al. Hum Mutat. 14: 527-539, 1999
",>G,1636,c.521T,1636T
566,"Prostate
cancer",Substitut.,1        Nterm,,,178,534,p.(Ser178,),,,,,,,Som mut. Estrogen treated. +p.Leu745 3350C>T silent mut,Male,Normal ,,"Hyytinen et al. Lab Invest. 82: 1591-1598, 2002",>T,1649,c.534C,1649C
14,"Prostate
cancer",Substitut.,1        Nterm,,,182,545,p.(Lys182,Arg),,,,,,,Somatic mutation,Male,Normal ,,"Tilley et al. Clinical
Cancer Res. 2: 277-
285, 1996
",>G,1660,c.545A,1660A
912,"Prostate
cancer",Substitut.,1        Nterm,,,194,580,p.(Leu194,Phe),,,,,,,Treated with anti-androgens Occurred in 2 cases,Male,Normal ,,Steinkamp et al. Cancer Res 69: 4434-4442,>T,1695,c.580C,1695C
913,"Prostate
cancer",Substitut.,1        Nterm,,,194,581,p.(Leu194,Arg),,,,,,,Treated with anti-androgens,Male,Normal ,,Steinkamp et al. Cancer Res 69: 4434-4442,>G,1696,c.581T,1696T
319,CAIS,Substitut.,1        Nterm,,,196,587,p.(Gln196,Arg),,,,,,,Also 1 nt deletion in Codon 598 causing a stop in codon 623,Female,Normal ,,"Komori et al. J Obstetrics & Gynocol. 23: 277-81, 1997",>G,1702,c.587A,17022A
551,"Prostate
cancer",Substitut.,1        Nterm,,,200,599,p.(Glu200,Gly),,,,,,,Treated with bicalutamide - somatic mutation,Male,Normal ,,"Taplin et al. 37th meeting ASCO 20: Abstr, 1738 2001",>G,1714,c.599A,1714A
15,CAIS,Duplicat.,1        Nterm,,,202,606,p.(Glu204,fs),,,zero,,,,4 nt insertion causing frameshift ,Female,Normal ,neg,"Batch et al. Hum Mol Genet 1: 497, 1992",dupATCC,1721,c.606_609,1721_1724
549,"Prostate
cancer",Substitut.,1        Nterm,,,204,612,p.(Glu204,Glu),,,,,,,Treated with bicalutamide - silent mutation- somat. mut.,Male,Normal ,,"Taplin et al. 37th meeting ASCO 20: Abstr, 1738 2001",>G,1727,c.612A,1727A
395,Normal,Substitut.,1        Nterm,,,207,621,p.(Ser207,Arg),,,,,,,Homosexual individual,Male,Normal ,,"Macke et al. Am J Human Genetics 53: 844-852, 1993",>G,1736,c.621C,1736C
437,CAIS,Deletion,1        Nterm,,,210,619,p.(Arg210,fs),,,zero,,,,Frameshift,Female,Normal ,,"Ahmed et al. J Clin Endocrinol Metab 85: 658-665, 2000",delG,1734,c.619,1734
376,MAIS,Substitut.,1        Nterm,,,212,636,p.(Arg212,Arg),,,,,,,Silent mutation,Male,Normal ,,"Wang et al. Clinical Genetics 54: 185-192, 1998",>A,1751,c.636G,1751G
328,"Normal
",Substitut.,1        Nterm,,,213,639,p.(Glu213,),,,,,,,"Silent mutation -
polymorphism detected in 8% popul.",Male,Normal ,,"Batch et al. Hum Mol Genet 1: 497, 1992",>A,1754,c.639G,1754G
329,"Normal
",Substitut.,1        Nterm,,,213,639,p.(Glu213,),,,,,,,"Silent mut.polymorph -detected in 14% of X
chromosomes",Male,Normal ,,"Hiort et al. Eur J Pediatr
153: 317-321, 1994",>A,1754,c.639G,1754G
330,"Normal
",Substitut.,1        Nterm,,,213,639,p.(Glu213,),,,,,,,"Silent mutation 
polymorphism ",Male,Normal ,,Lu et al. Clinical Genetics 49: 323-324. 1996,>A,1754,c.639G,1754G
377,"Normal
",Substitut.,1        Nterm,,,213,639,p.(Glu213,),,,,,,,"Silent mutation 
polymorphism ",Male,Normal ,,"Wang et al. Clinical Genetics 54: 185-192, 1998",>A,1754,c.639G,1754G
396,"Normal
",Substitut.,1        Nterm,,,213,639,p.(Glu213,),,,,,,,Silent mut.polymorph detected in 10% of X chromosomes,Male,Normal ,,"Macke et al. Am J Human Genetics 53: 844-852, 1993",>A,1754,c.639G,1754G
378,MAIS,Substitut.,1        Nterm,,,213,639,p.(Glu213,),,,,,,,"Silent mutation 
polymorphism - 4 patients with infertility",Male,Normal ,,"Wang et al. Clinical Genetics 54: 185-192, 1998",>A,1754,c.639G,1754G
421,CAIS,Substitut.,1        Nterm,,,213,639,p.(Glu213,),22,24,v low,,,,"Silent mutation -negligible level of mRNA & hAR
",Female,Normal ,,"Gottlieb et al. Hum Mutat. 14: 527-539, 1999",>A,1754,c.639G,1754G
422,CAIS,Substitut.,1        Nterm,,,213,639,p.(Glu213,),21,23,normal,normal,,,"Silent mutation -
",Female,Normal ,neg,"Gottlieb et al. Hum Mutat. 14: 527-539, 1999",>A,1754,c.639G,1754G
423,PAIS,Substitut.,1        Nterm,,,213,639,p.(Glu213,),23,24,v low,,,,"Silent mutation -
",Male,Ambiguous ,,"Gottlieb et al. Hum Mutat. 14: 527-539, 1999",>A,1754,c.639G,1754G
424,PAIS,Substitut.,1        Nterm,,,213,639,p.(Glu213,),19,24,normal,high,,,"Silent mutation -
",Male,Ambiguous ,pos,"Gottlieb et al. Hum Mutat. 14: 527-539, 1999",>A,1754,c.639G,1754G
425,MAIS,Substitut.,1        Nterm,,,213,639,p.(Glu213,),20,16,normal,high,,,"Silent mutation -
",Male,Normal ,,"Gottlieb et al. Hum Mutat. 14: 527-539, 1999",>A,1754,c.639G,1754G
705,"MAIS
",Substitut.,1        Nterm,,,213,639,p.(Glu213,),,,,normal,,,,Male,Ambiguous ,,"Deeb et al. Clinical Endocrinol 63: 56-62, 2005",>A,1754,c.639G,1754G
756,"Prostate cancer
",Substitut.,1        Nterm,,,213,639,p.(Glu213,),,,,,,,patient lower Gleason score than patient -wt AR- som mutation,Male,Normal ,,"Sanchez et al. BJU Int 98: 1320-1325, 2006",>A,1754,c.639G,1754G
757,"Prostate cancer
",Substitut.,1        Nterm,,,213,639,p.(Glu213,),,,,,,,patient lower Gleason score than patient -wt AR- som mutation,Male,Normal ,,"Sanchez et al. BJU Int 98: 1320-1325, 2006",>A,1754,c.639G,1754G
758,"Prostate cancer
",Substitut.,1        Nterm,,,213,639,p.(Glu213,),,,,,,,patient lower Gleason score than patient -wt AR- som mutation,Male,Normal ,,"Sanchez et al. BJU Int 98: 1320-1325, 2006",>A,1754,c.639G,1754G
914,"Prostate cancer
",Substitut.,1        Nterm,,,213,639,p.(Glu213,),,,,,,,Both treated and untreated Occurred in 2 cases,Male,Normal ,,"Steinkamp et al. Cancer Res 69: 4434-4442, 2009",>A,1754,c.639G,1744G
1019,Premature ovarian failure,Substitut.,1        Nterm,,,213,639,p.(Glu213,),,,,,,,Present in 17.85% of patients & 15% of controls,Female,Normal ,,Panda et al. Gyncol Endocrinol 2010,>A,1754,c.639G,1754G
701,"Normal
",Substitut.,1        Nterm,,,"213
",639,p.(Glu213,),,,,,,,"Silent mut.polymorph 65%  Ivory Coast, 28% N African freqs.",Male,Normal ,,"Estaban et al. Am J Hum Biol 17: 690-695, 2005",>A,1754,c.639G,1754G
379,MAIS,Substitut.,1        Nterm,*,,216,646,p.(Gly216,Arg),27,23,normal,normal,norm,,severe oligospermia- 20% lower transactivation,Male,Normal ,,"Wang et al. Clinical Genetics 54: 185-192, 1998",>A,1761,c.646G,1761G
707,PAIS,Substitut.,1        Nterm,,,216,646,p.(Gly216,Arg),,,,normal,,,,Female,Ambiguous ,,"Deeb et al. Clinical Endocrinology 63: 56-62, 2005",>A,1761,c.646G,1761G
708,PAIS,Substitut.,1        Nterm,,,216,646,p.(Gly216,Arg),,,,normal,,,,Male,Ambiguous ,,"Deeb et al. Clinical Endocrinology 63: 56-62, 2005",>A,1761,c.646G,1761G
709,PAIS,Substitut.,1        Nterm,,,216,646,p.(Gly216,Arg),,,,high,,,,Female,Ambiguous ,,"Deeb et al. Clinical Endocrinology 63: 56-62, 2005",>A,1761,c.646G,1761G
380,Normal,Substitut.,1        Nterm,,,216,646,p.(Gly216,Arg),,,,,,,,Male,Normal ,,"Wang et al. Clinical Genetics 54: 185-192, 1998",>A,1761,c.646G,1761G
16,CAIS,Duplicat.,1        Nterm,,,217,649,p.(Ala217,fs),,,,,,,"1 nt duplication
causing frameshift & stop in Codon 234",Female,Normal ,neg,"Hiort et al. Hum Mol Genet
3: 1163-1166 1994",dupG,1764,c.649,1764   
966,CAIS,Deletion,1        Nterm,,,221,663,p.(Ser221,fs),18,17,zero,zero,,,I nt deletion causing frameshift & stop in codon 226,Female,Normal ,neg,"Audi et al. J Clin Endocrinol Metab 95: 1876-1888, 2010",delC,1778,c.663,1778
695,Prostate cancer,Substitut.,1        Nterm,*,,223,667,p.(Asp223,His),16,,normal,normal,,,Increased response to DHT,Male,Normal ,neg,"Chen et al. The Prostate 63: 395-406, 2005",>C,1782,c.667G,1782G
548,Prostate cancer,Substitut.,1        Nterm,,,224,670,p.(Asn224,Asp),,,,,,,Treated with flutamide also T879A - somatic mutation,Male,Normal ,,"Taplin et al. 37th meeting ASCO 20: Abstr, 1738 2001",>G,1785,c.670A,1785A
650,CAIS,Substitut.,1        Nterm,,,225,675,p.(Tyr225,*),,,,,,,Wolffian remnants,Female,Normal ,,"Hannema et al. J Clin  Endocrinol Metab 89: 5815-5822, 2004",>G,1790,c.675C,1790C
917,Prostate cancer,Substitut.,1        Nterm,,,229,685,p.(Thr229,Ala),,,,,,,Both treated and untreated,Male,Normal ,,"Steinkamp et al. Cancer Res 69: 4434-4442, 2009",>G,1800,c.685A,1800A
915,Prostate cancer,Indel,1        Nterm,,,229,685,p.(Thr229,Cys),,,,,,,Untreated - Occurred in two cases,Male,Normal ,,"Steinkamp et al. Cancer Res 69: 4434-4442, 2009",delinsTG,1800,c.685_686AC,"
1800_1810AC"
916,Prostate cancer,Indel,1        Nterm,,,229,685,p.(Thr229,Cys),,,,,,,Both treated and untreated - Occurred in 2 cases,Male,Normal ,,"Steinkamp et al. Cancer Res 69: 4434-4442, 2009",delinsTG,1800,c.685_686AC,"
1800_1801AC"
885,Prostate cancer,Indel,1        Nterm,,,229,685,p.(Thr229,Cys),,,,,,,"+Gln58Leu, Ala253Val, Trp435Leu, Flutamide treated",Male,Normal ,,"Steinkamp et al. Cancer Res 69: 4434-4442, 2009",delinsTG,1800,c.685_686AC,"
1800_1801AC"
706,PAIS,Indel,1        Nterm,*,,233,697,p.(Ser233,Leu),,,,high,,*,,Male,Normal ,,"Deeb et al. Clinical Endocrinol 63: 56-62, 2005",delinsCT,1812,c.697_698TC,"
1812_1813TC"
531,MAIS,Substitut.,1        Nterm,*,,235,705,p.(Asn235,Lys),,,normal,,,*,Azoospermia - transactivation 46% of wt,Male,Normal ,,"Giwercman et al. Clin Endocrinol 54: 827-834, 2001",>A,1820,c.715C,1820C
967,CAIS,Insertion,1        Nterm,,,241,720,p.(Lys241,*),21,18,,,,,,Female,Normal ,neg,"Audi et al. J Clin Endocrinol Metab 95: 1876-1888, 2010",insT,1835,c.720_721,1835_1836
1030,MAIS,Substitut.,1        Nterm,,,242,724,p.(Ala242,Ser,,,,,,,Azoopsermia,Male,Normal ,,"Goglia et al. Fert Steril 96: 1165-1169, 2011",>T,1838,c.721A,1838G
1049,PAIS,Substitut.,1        Nterm,,,244,730,p.Ser244,Pro,,,,,,,"External Masculisation Scale 
=  10",Male,Ambiguous ,,"Hellmann et al. Arch Dis Child 97:403-409, 2012",>C,1844,c.730T,1844T
789,PAIS?,Substitut.,1        Nterm,,,248,743,p.(Gly248,Val),,,,,,,,,,,"Mueller et al. Hum Genet 119: 681, 2006",>T,1858,c.743G,1858G
918,Prostate Cancer,Substitut.,1        Nterm,,,253,758,p.(Ala253,Val),,,,,,,Treated with anti-androgens Occurred in 2 cases,Male,Normal ,,"Steinkamp et al. Cancer Res 69: 4434-4442, 2009",>T,1873,c.758C,1873C
883,Prostate Cancer,Substitut.,1        Nterm,,,255,763,p.(Glu255,Lys),,,,,,,"+L446S, R485C,K610E,  R787*, L798P, L874P, AR23, Flutamide treated",Male,Normal ,,"Steinkamp et al. Cancer Res 69: 4434-4442, 2009",>A,1878,c.763G,1873G
350,CAIS,Substitut.,1        Nterm,*,,263,788,p.(Leu263,Pro),,,,,,*,"Also Gly821Ala mut.
Extra mutation causes greater thermolability",Female,Normal ,,"Tanaka et al. Gynocol Endocrinol 12: 75-82, 1998",>C,1903,c.788T,1903T
845,CAIS?,Duplicat.,1        Nterm,,,265,793,p.(Gly265,fs),,,,,,,,,,,"Mueller. Hum Genet 123: 105, 2008",dupG,1908,c.793,1908
19,CAIS,Deletion,1        Nterm,,,266,797,p.(Asp266,fs),,,zero,,,,"1 nt deletion causing
frameshift & stop in
codon 296",Female,Normal ,,"Bruggenwirth et al. J
Steroid Biochem Mol 
Biol 58: 569-575,1996",delA,1912,c.797,1912
17,"Prostate
cancer",Substitut.,1        Nterm,,,268,803,p.(Met268,Thr),,,,,,,"Also p.Leu575Pro
mut. Somatic mutation",Male,Normal ,,"Tilley et al. Clinical
Cancer Res. 2: 277-
285, 1996",>C,1918,c.803T,1918T
18,"Prostate
cancer",Substitut.,1        Nterm,,,271,811,p.(Pro271,Ser),,,,,,,Somatic mutation,Male,Normal ,,"Tilley et al. Clinical
Cancer Res. 2: 277-
285, 1996",>T,1926,c.811C,1926C
780,MAIS,Substitut.,1        Nterm,,,272,814,p.(Leu272,Phe),,,,,,,Male infertility,Male,Normal ,,"Ferlin et al. Clin Endocrinol 65: 606-610, 2006",>T,1929,c.814C,1929C
606,CAIS,Substitut.,1        Nterm,,,289,865,p.(Glu289,*),,,low,normal,,,low expression of WT AR - Somatic mosaicism,Female,Normal ,,"Holterhaus et al. Genome Biology 4: R37
2003",>T,1980,c.865G,1980G
556,Prostate cancer,Substitut.,1        Nterm,,,298,894,p.(Ser298,Arg),,,,,,,Poor differentiation of CaP. Germline mutation ?,Male,Normal ,,"Yu et al. Sheng Wu Hua Xue 32: 459-462, 2000",>A,2009,c.894C,2009C
874,Prostate cancer,Substitut.,1        Nterm,,,298,894,p.(Ser298,Arg),,,normal,,,,"Transcrip activity
activarted by estradiol and progesterone",Male,Normal ,,"Li et al. Clin Exp Pharmacolo Physiol 35: 1252-1257, 2008",>A,2009,c.894C,2009C
816,Testiculacr cancer,Substitut.,1        Nterm,,,299,895,p.(Ala299,Thr),,,,,,,Seminoma,Male,Normal ,,"Garolla et al. Encdorine Related Cancer 12: 645-655, 2005",>A,2010,c.895G,2010G
1052,CAIS,Indel,1        Nterm,,,312,933,p.(Phe312,fs),,,,,,,287 deletion + 77 insertion causing frameshit and stop,Female,Normal ,pos,"Cong et al. Gene 500: 220-223, 2012","delins
77",2048,"c.933_1219
delins 77",2048_2335
550,Prostate cancer,Substitut.,1        Nterm,,,336,2121,p.(Ser336,Pro),,,,,,,"Treated with flutamide
somatic mutation",Male,Normal ,,"Taplin et al. 37th meeting ASCO 20: Abstr, 1738 2001",>C,2121,c.1006T,2121T
398,Prostate cancer,Substitut.,1        Nterm,,,342,1025,p.(Pro342,Leu),,,,,,,Somatic mutation Stage 3 tumor,Male,Normal ,,"Castagnaro et al. Verh. Dtsch. Ges. Path. 77: 119-123, 1993",>T,2140,c.1025C,2140C
779,MAIS,Substitut.,1        Nterm,,,342,1025,p.(Pro342,Leu),,,,,,,Male infertility,Male,Normal ,,"Ferlin et al. Clin Endocrinol 65: 606-610, 2006",>T,2140,c.1025C,2140C
968,CAIS,Deletion,1        Nterm,,,348,1041,p.(Tyr348,fs),21,17,,,,,2 nt deletion causing fs & stop in Codon 500,Female,Normal ,neg,"Audi et al. J Clin Endocrinol Metab 95: 1876-1888, 2010",delCT,2156,c.1041_1042,  2156_2157
903,CAIS,Deletion,1        Nterm,,,349,1035,p.(Lys349,fs),,,,,,,,Female,Normal ,neg,Philibert et al. Fertility & Sterility 94: 472-476 2010,delinsAG,2150,c.1035_1036,2150_2151
903,CAIS,Deletion,1        Nterm,,,349,1041,p.(Gly349,fs),,,,,,,22 bp deletion,Female,Normal ,pos,Philibert et al. Fertility & Sterility 94: 472-476 2010,del,2156,c.1041_1062,2156_2177
20,CAIS,Substitut.,1        Nterm,,,355,1063,p.(Glu355,*),21,23,low,,,,low specific binding with MB only-mRNA <  20%,Female,Normal ,neg,"Gottlieb et al. Hum Mutat. 14: 527-539, 1999",>T,2178,c.1063G,2178G
781,MAIS,Substitut.,1        Nterm,,,355,1063,p.(Glu355,Gln),,,,,,,Male infertility,Male,Normal ,,"Ferlin et al. Clin Endocrinol 65: 606-610, 2006",>C,2178,c.1063G,2178G
919,Prostate Cancer,Substitut.,1        Nterm,,,359,1072,p.(Ala358,Thr),,,,,,,Bicalutamide treated Occurred in 2 cases,Male,Normal ,,"Steinkamp et al. Cancer Res 69: 4434-4442, 2009",>A,2187,c.1072G,2187G
920,Prostate Cancer,Substitut.,1        Nterm,,,359,1073,p.(Ala359,Val),,,,,,,"Bicalutamide treated
Occurred in two cases",Male,Normal ,,"Steinkamp et al. Cancer Res 69: 4434-4442, 2009",>T,2188,c.1073C,2188C
921,Prostate cancer,Substitut.,1        Nterm,,,362,1085,p.(Arg362,His),,,,,,,Both treated and untreated Occurred in two cases,Male,Normal ,,"Steinkamp et al. Cancer Res 69: 4434-4442, 2009",>A,2200,c.1085G,2200G
21,CAIS,Substitut.,1        Nterm,,,373,1117,p.(Gly373,*),,,,,,,Somatic instability of polyglycine tract,Female,Normal ,pos,"Davies et al. Clinical Endocrinology 43: 69-77, 1995",>T,2232,c.1117G,2232G
1003,PAIS,Substitut.,1        Nterm,,,380,1138,p.(Pro380,Arg),17,18,,,,,Prenatal diagnosis,Male,Ambiguous ,neg,"Audi et al. J Clin Endocrinol Metab 95: 1876-1888, 2010",>G,2253,c.1138C,2253C
899,"CAIS
",Insertion,1        Nterm,,,381,1129,p.(Pro380,fs),,,,,,,11 bp duplication(CCTCCGCCGCC),Female,Normal ,pos,Philibert et al. Fertility & Sterility 94: 472-476 2010,dup,2244,c.1129_1139,2244_2254
338,MAIS,Substitut.,1        Nterm,*,,392,1174,p.(Pro392,Ser),,,,,,,Oligospermia ,Male,Normal ,,"Hiort et al. J Clin Endocrinol Metab 85: 2810-2815, 2000",>T,2289,c.1174C,2289C
504,MAIS,Substitut.,1        Nterm,*,,392,1174,p.(Pro392,Ser),,,,,,,Oligospermia ,Male,Normal ,,"Hiort et al. J Clin Endocrinol Metab 85: 2810-2815, 2000",>T,2289,c.1174C,2289C
767,MAIS,Substitut.,1        Nterm,,,392,1174,p.(Pro392,Ser),,,,,,,Male infertility ,Male,Normal ,,"Ferlin et al. Clin Endocrinol 65: 606-610, 2006",>T,2289,c.1174C,2289C
908,CAIS,Substitut.,1        Nterm,,,392,1174,p.(Pro392,Ser),,,zero,,,,,Female,Normal ,,"Appari et al. J Molecular Med: 87: 623-632, 2009",>T,2289,c.1174C,2289C
950,PAIS,Substitut.,1        Nterm,,,392,1174,p.(Pro392,Ser),,,,,,, Micropenis only ,Male,Ambiguous ,,"Bhangoo et al. Asian J Androl 12: 561-566, 2010",>T,2289,c.1174C,2289C
1004,PAIS,Substitut.,1        Nterm,,,392,1174,p.(Pro392,Ser),22,19,normal,normal,,,,Male,Ambiguous ,neg,"Audi et al. J Clin Endocrinol Metab 95: 1876-1888, 2010",>T,2289,c.1174C,2289C
1070,PAIS,Substitut.,1        Nterm,,,392,1174,p.(Pro392,Ser),,,,,,,,,,,"Hughes et al. Semin Reprod Med 30: 432-442, 2012",>T,2289,c.1174C,2289C
817,Testicular cancer,Substitut.,1        Nterm,,,392,1174,p.(Pro392,Ser),,,,,,,Seminoma,Male,Normal ,,"Garolla et al. Encdorine Related Cancer 12: 645-655, 2005",>T,2289,c.1174C,2289C
608,Prostate cancer,Substitut.,1        Nterm,,,392,1175,p.(Pro392,Leu),,,zero,,,,,Female,Normal ,,"Holterhaus et al. Genome Biology 4: R37
2003",>T,2290,c.1175C,2290C
547,"Prostate
cancer",Substitut.,1        Nterm,,,392,1175,p.(Pro392,Leu),,,,,,,Flutamide treated Also Asn757Asp - somatic mutation,Male,Normal ,,Taplin et al. Proc Am Soc Clin Oncol 20: 2001 Abstr. 1738,>T,2290,c.1175C,2290C
22,CAIS,Substitut.,1        Nterm,,,392,1175,p.(Pro392,Arg),20,24,zero,,,,"+ p.Glu213 1754G>A 
& p.Gln445Arg 2449A>G",Female,Normal ,pos,"Gottlieb et al. Hum Mutat. 14: 527-539, 1999",>G,2290,c.1175C,2290C
790,CAIS,Substitut.,1        Nterm,,,395,1185,p.(Tyr395,*),,,,,,,,Female,Normal ,,"Mueller et al. Hum Genet 119: 680, 2006",>G,2300,c.1185C,2300C
896,CAIS,Substitut.,1        Nterm,,,395,1185,p.(Tyr395,*),,,,,,,,Female,Normal ,neg,Philibert et al. Fertility & Sterility 94: 472-476 2010,>G,2300,c.1185C,2300C
426,CAIS,Substitut.,1        Nterm,,,405,1197,p.(Gln405,*),28,23,zero,,,,mRNA < 20%,Female,Normal ,,"Gottlieb et al. Hum Mutat. 14: 527-539, 1999",>T,2312,c.1197C,2312C
1035,PAIS,Substitut.,1        Nterm,*,,407,1203,p.Arg407,Ser,,,,,,,Stage 3 PAIS- coregulator effcts   melanoma antig-A11,Male,Ambiguous ,,"Lagarde et al. J Biol Chem 287:10905-15, 2012",>A,2318,c.1203C,2318
689,PAIS,Deletion,1        Nterm,*,,411,1231,p(Leu4_1Ser413,del),,,,,,,Del. of 9 nt  & codons 411-413. Normal twin has same deletion,Male,Ambiguous ,pos,"Holterhus et al. Exp Clin Endocrin Diabetes 113: 457-463, 2005",del,2346,c.1231_1239,2346_2354
690,PAIS,Substitut.,1        Nterm,*,,413,1238,p.(Ser413,Asn),,,,,,,Patient responded  to testosterone treat at 12yrs.,Male,Ambiguous ,,"Holterhus et al. Exp Clin Endocrin Diabetes 113: 457-463, 2005",>A,2353,c.1238G,2353G
922,Prostate cancer,Substitut.,1        Nterm,,, 416,1246,p.(Gly416,Ser),,,,,,,Bicalutamide treated Occurred in 2 cases,Male,Normal ,,"Steinkamp et al. Cancer Res 69: 4434-4442, 2009",>A,2361,c.1246G,2361G
923,Prostate cancer,Substitut.,1        Nterm,,, 416,1247,p.(Gly416,Asp),,,,,,,Bicalutamide treated occurred in 2 cases,Male,Normal ,,"Steinkamp et al. Cancer Res 69: 4434-4442, 2009",>A,2362,c.1247G,2362G
691,PAIS,Substitut.,1        Nterm,*,,434,1301,p.(Ser434,Phe),,,,,,,,Male,Ambiguous ,,"Holterhus et al. Exp Clin Endocrinol diabetes 113: 457-463, 2005",>T,2416,c.1301C,2416C
889,"Prostate 
Cancer",Substitut.,1        Nterm,,,435,1304,p.(Trp435,Leu),,,,,,,"+Q86del, T229C, T440P,T498I, V509L,  Q828*,Q868*, Bical treated",Male,Normal ,,"Steinkamp et al. Cancer Res 69: 4434-4442, 2009",>T,2419,c.1304G,2419G
924,Prostate Cancer,Substitut.,1        Nterm,,,435,1304,p.(Trp435,Leu),,,,,,,,Male,Normal ,,"Steinkamp et al. Cancer Res 69: 4434-4442, 2009",>T,2419,c.1304G,2419G
925,Prostate Cancer,Substitut.,1        Nterm,,,435,1305,p.(Trp435,Cys),,,,,,,Both treated and untreated,Male,Normal ,,"Steinkamp et al. Cancer Res 69: 4434-4442, 2009",>C,2420,c.1305G,2420G
926,Prostate Cancer,Substitut.,1        Nterm,,,440,1318,p.(Thr440,Pro),,,,,,,Treated with anti-androgens Occurred in 2 cases,Male,Normal ,,"Steinkamp et al. Cancer Res 69: 4434-4442, 2009",>C,2433,c.1318A,2433A
890,Prostate Cancer,Substitut.,1        Nterm,,,440,1319,p.(Thr440,Ile),,,,,,,"+p.Gln58Leu, Gln86del, Gly457Asp",Male,Normal ,,"Steinkamp et al. Cancer Res 69: 4434-4442, 2009",>T,2434,c.1319C,2434C
1024,CAIS,Substitut.,1        Nterm,,,442,1324,p.(Glu442,*),,,,,,,,Female,Normal ,,"Luo FW et al. Zhongua Yi Xue. 28: 176-179, 2011",>T,2439,c.1324G,2439G
1027,CAIS ,Substitut.,1        Nterm,,,442,1324,p.(Glu442,*),,,,,,,,Female,Normal ,neg,"Sun et al. Eur J Obstet Gynecol. 153: 173-175, 2010",>T,2439,c.1324G,2439G
759,Prostate cancer,Substitut.,1        Nterm,,,451,1352,p.(Gly451,Asp),,,,,,,patient lower Gleason score than patient -wt AR- som mutation,,,,"Sanchez et al. BJU Int 98: 1320-1325, 2006",>A,2467,c.1352G,2467G
760,Prostate cancer,Substitut.,1        Nterm,,,453,1358,p.(Gly453,Asp),,,,,,,patient lower Gleason score than patient -wt AR- som mutation,Male,Normal ,,"Sanchez et al. BJU Int 98: 1320-1325, 2006",>A,2473,c.1358G,2473G
969,CAIS,Substitut.,1        Nterm,,,455,1363,p.(Gly455,Ser),22,17,,,,,Also p.Tyr571Cys 2830A>G. Sister & 2 aunts affected ,Female,Normal ,pos,"Audi et al. J Clin Endocrinol Metab 95: 1876-1888, 2010",>A,2478,c.1363G,2478G
888,Prostate Cancer,Substitut.,1        Nterm,,,456,1366,p.(Gly456,Ser),,,,,,,"+p.Gln58Leu, Gln86del, Ala253Val, Bicalutamide treated",Male,Normal ,,"Steinkamp et al. Cancer Res 69: 4434-4442, 2009",>A,2481,c.1366G,2481G
927,Prostate Cancer,Substitut.,1        Nterm,,,456,1366,p.(Gly456,Ser),,,,,,,Treated with anti-androgens. Occurred in more than 2 cases,Male,Normal ,,"Steinkamp et al. Cancer Res 69: 4434-4442, 2009",>A,2481,c.1366G,2481G
884,Prostate Cancer,Substitut.,1        Nterm,,,457,1370,p.(Gly457,Asp),,,,,,,"+Gln86del, Val716Met, AR23 splice variant Flutamide treated",Male,Normal ,,"Steinkamp et al. Cancer Res 69: 4434-4442, 2009",>A,2485,c.1370G,2485G
928,Prostate Cancer,Substitut.,1        Nterm,,,457,1370,p.(Gly457,Asp),,,,,,,Both treated and untreated. Occurred in 2 cases,Male,Normal ,,"Steinkamp et al. Cancer Res 69: 4434-4442, 2009",>A,2485,c.1370G,2485G
438,CAIS,Deletion,1        Nterm,,,463,1389,p.(Gly463,fs),,,zero,,,,1 nt deletion causing frameshift ,Female,Normal ,,"Ahmed et al. J Clin Endocrinol Metab 85: 658-665, 2000",delC,2504,c.1389,2504
410,CAIS,Deletion,1        Nterm,,,474,1421,p.(Glu474,fs),24,22,,,,,2nt del  causing frameshift & stop in cod 500- mRNA 50% ,Female,Normal ,,Thiele et al. J Clin Endocrinol Metab 84: 1751-1753. 1999,delAG,2536,c.1421_1422,2536_2537
427,CAIS,Deletion,1        Nterm,,,474,1421,p.(Glu474,fs),26,26,zero,,,,2nt del  causing frameshift & stop in cod 500 -mRNA 50%,Female,Normal ,,"Gottlieb et al. Hum Mutat. 14: 527-539, 1999",delAG,2536,c.1421_1422,2536_2537
693,CAIS,Deletion,1        Nterm,,,474,1421,p.(Glu474,fs),21,28,zero,,,,2nt del  causing frameshift & stop in cod 500- mRNA 50%,Female,Normal ,,"Holterhus et al. J Mol Med (Berl) 83: 1005-1013, 2005",delAG,2536,c.1421_1422,2536_2537
782,MAIS,Substitut.,1        Nterm,*,,475,1424,p.(Ala475,Val),,,,,,,male infertility,Male,Normal ,,"Ferlin et al. Clin Endocrinol 65: 606-610, 2006",>T,2539,c.1424C,2539C
821,MAIS,Substitut.,1        Nterm,*,,475,1424,p.(Ala475,Val),14,17,,,,,"male infertility, low T  severe hypospematogenesis
",Male,Normal ,,"Zuccarello et al. Clin Endocrinol 68: 58-588, 2008",>T,2539,c.1424C,2539C
822,MAIS,Substitut.,1        Nterm,*,,475,1424,p.(Ala475,Val),24,17,,,,,"male infertility, normal T
",Male,Normal ,,"Zuccarello et al. Clin Endocrinol 68: 58-588, 2008",>T,2539,c.1424C,2539C
823,MAIS,Substitut.,1        Nterm,*,,475,1424,p.(Ala475,Val),19,17,,,,,"male infertility, normal T, left cryptorchidism
",Male,Normal ,,"Zuccarello et al. Clin Endocrinol 68: 58-588, 2008",>T,2539,c.1424C,2539C
24,CAIS,Substitut.,1        Nterm,,,481,1443,p.(Tyr481,*),15,15,zero,,,,Normal 110KD AR produced at 25% of normal level,Female,Normal ,,"Gottlieb et al. Hum Mutat. 14: 527-539, 1999",>A,2558,c.1443C,2558C
651,CAIS,Substitut.,1        Nterm,,,481,1443,p.(Tyr481,*),,,,,,,Woolfian remnants present,Female,Normal ,,"Hannema et al. J Clin  Endocrinol Metab 89: 5815-5822, 2004",>A,2558,c.1443C,2558C
804,Liver cancer,Substitut.,1        Nterm,,,481,1443,p.(Tyr481,),,,,,,,Somatic mutation. Silent mutation,Female,Normal ,,"Yeh et al. Int J Cancer 120: 1610-1617, 2007",>T,2558,c.1443C,2558C
929,Prostate cancer,Substitut.,1        Nterm,,,485,,p.(Arg485,Cys),,,,,,,Both treated and untreated. Occurred in 2 cases,Male,Normal ,,"Steinkamp et al. Cancer Res 69: 4434-4442, 2009",,,,
930,Prostate cancer,Substitut.,1        Nterm,,,485,,p.(Arg485,Thr),,,,,,,Both treated and untreated Occurred in 2 cases,Male,Normal ,,"Steinkamp et al. Cancer Res 69: 4434-4442, 2009",,,,
546,CAIS,Deletion,1        Nterm,,,488,,p.(Gln488,*),,,,,,,"3 affected siblings
Variable phenotype",Female,Normal ,pos,"Boehmer et al. J Clin Endocrinol Metab 86: 4151-4160, 2001",,,,
439,CAIS,Deletion,1        Nterm,,,489,,p.(Gly489,fs),,,low,,,,5 nt deletion causing frameshift,Female,Normal ,,"Ahmed et al. J Clin Endocrinol Metab 85: 658-665, 2000",,,,
440,CAIS,Substitut.,1        Nterm,,,492,1474,p.(Gly492,Ser),,,low,low,,,,Female,Normal ,,"Ahmed et al. J Clin Endocrinol Metab 85: 658-665, 2000",>A,2589,c.1474G,2589G
891,Prostate Cancer,Substitut.,1        Nterm,,,498,1493,p.(Thr498,Ile),,,,,,,Also p.Arg485Cys Bicalutamide treated,Male,Normal ,,"Steinkamp et al. Cancer Res 69: 4434-4442, 2009",>T,2608,c.1493C,2608C
931,Prostate Cancer,Substitut.,1        Nterm,,,498,1493,p.(Thr498,Ile),,,,,,,Both treated and not treated Occured in 2 cases,Male,Normal ,,"Steinkamp et al. Cancer Res 69: 4434-4442, 2009",>T,2608,c.1493C,2608C
932,Prostate Cancer,Substitut.,1        Nterm,,,499,1495,p.(Ala499,Thr),,,,,,,Flutamide treated Occurred in 2 cases,Male,Normal ,,"Steinkamp et al. Cancer Res 69: 4434-4442, 2009",>A,2610,c.1495G,2610G
933,Prostate Cancer,Substitut.,1        Nterm,,,499,1496,p.(Ala499,Val),,,,,,,Flutamide treated Occurred in 2 cases,Male,Normal ,,"Steinkamp et al. Cancer Res 69: 4434-4442, 2009",>T,2611,c.1496C,2611C
936,Prostate Cancer,Substitut.,1        Nterm,,,500,1500,p.(Pro500,),,,,,,,Treated with anti-androgens. Occurred in more than 2 cases,Male,Normal ,,"Steinkamp et al. Cancer Res 69: 4434-4442, 2009",,2615,,
25,CAIS,Substitut.,1        Nterm,,,503,1508,p.(Trp503,*),,,,,,,,Female,Normal ,pos,"Bruggenwirth et al. J
Steroid Biochem Mol
Biol 58: 569-575, 1996",>A,2623,c.1508G,2623G
1071,CAIS,Substitut.,1        Nterm,,,503,1508,p.(Trp503,*),,,,,,,,Female,Normal ,,"Hughes et al. Semin Reprod Med 30: 432-442, 2012",>A,2623,c.1508G,2623G
905,CAIS,Indel,1        Nterm,,,503,1507,p.(Trp503,fs),,,,,,,"Indel between c.1507_1512, 22 nt insertion",Female,Normal ,neg,Philibert et al. Fertility & Sterility 94: 472-476 2010,delins,2622,c.1507_1512,2622_2629
783,MAIS,Substitut.,1        Nterm,,,507,1510,p.(Gly507,Asp),,,,,,,Male infertility,Male,Normal ,,"Ferlin et al. Clin Endocrinol 65: 606-610, 2006",>A,2625,c.1510G,2635G
886,Prostate Cancer,Substitut.,1        Nterm,,,509,1525,p.(Val509,Leu),,,,,,,Bicalutamide treated,Male,Normal ,,"Steinkamp et al. Cancer Res 69: 4434-4442, 2009",>C,2640,c.1525G,2640G
934,Prostate Cancer,Substitut.,1        Nterm,,,509,1525,p.(Val509,Leu),,,,,,,Flutamide treated,Male,Normal ,,"Steinkamp et al. Cancer Res 69: 4434-4442, 2009",>C,2640,c.1525G,2640G
935,Prostate Cancer,Substitut.,1        Nterm,,,509,1526,p.(Val509,Gly),,,,,,,Treated with anti-androgens.  Occurred in 2 cases,Male,Normal ,,"Steinkamp et al. Cancer Res 69: 4434-4442, 2009",>G,2641,c.1526T,2641T
339,MAIS,Substitut.,1        Nterm,*,,512,1536,p.(Val512,Val),,,,,,,Oligospermia caused by silent mutation,Male,Normal ,,"Hiort et al. 80th US Endo Soc Meeting, Abstr P2-38, 1998",>A,2651,c.1536G,2651G
876,CAIS,Substitut.,1        Nterm,,,514,1542,p.(Tyr514,*),,,,,,,,Female,Normal ,pos,"Radpour et al. J of Andrology 30: 230-232, 2009",>A,2657,c.1542T,2657T
567,"Prostate
cancer",Substitut.,1        Nterm,,,515,1543,p.(Pro515,Ser),,,,,,,Somatic mut. Orchiectomy + EMP Horm-refractory CaP,Male,Normal ,,"Hyytinen et al. Lab Invest. 82: 1591-1598, 2002",>T,2658,c.1543C,2658C
686,Normal,Substitut.,1        Nterm,,,517,,p.(Pro517,Ser),,,,,,,Patient suffered from phobia,,Normal ,,"Yan et al. Psychiatric Genet 14: 57-60, 2004",,,,
568,"Prostate
cancer",Substitut.,1        Nterm,,,525,1563,p.(Gly525,Ser),,,,,,,Somatic mut. Orchi + EMP treat. Also Trp527* mutation,Male,Normal ,,"Hyytinen et al. Lab Invest. 82: 1591-1598, 2002",>A,2678,c.1563G,2678G
569,"Prostate
cancer",Substitut.,1        Nterm,,,525,1574,p.(Gly525,Asp),,,,,,,Somatic mut. Orchiectomy + EMP Horm-refractory CaP,Male,Normal ,,"Hyytinen et al. Lab Invest. 82: 1591-1598, 2002",>A,2689,c.1574G,2689G
26,"Prostate
cancer",Substitut.,1        Nterm,,,529,1586,p.(Asp529,Gly),,,,,,,Somatic mutation,Male,Normal ,,"Tilley et al. Chemical
Cancer Res. 2: 277-
285, 1996",>G,2701,c.1586A,2701A
900,CAIS,Insertion,1        Nterm,,,531,1592,p.(Tyr531,fs),,,,,,,GCTA insertion,Female,Normal ,,Philibert et al. Fertility & Sterility 94: 472-476 2010,insGCTA,2707,c.1592_1593,2707_2708
570,"Prostate
cancer",Substitut.,1        Nterm,,,534,1600,p.(Pro534,Ser),,,,,,,Somatic mut. Orchiectomy + EMP horm-refractory CaP,Male,Normal ,,"Hyytinen et al. Lab Invest. 82: 1591-1598, 2002",>T,2715,c.1600C,2715C
27,CAIS,Substitut.,1        Nterm,,,535,1605,p.(Tyr535,*),,,zero,,,,,Female,Normal ,neg,"McPhaul et al. FASEB J 5: 2910-15, 1991",>G,2720,c.1605C,2720C
1072,CAIS,Substitut.,1        Nterm,,,535,1605,p.(Tyr535,*),,,zero,,,,,Female,Normal ,,"Hughes et al. Semin Reprod Med 30: 432-442, 2012",>G,2720,c.1605C,2720C
1106,CAIS,Deletion,1        Nterm,,,,,,,,,,,,,,Female,Normal ,,"Hughes et al. Semin Reprod Med 30: 432-442, 2012",,,,
28,CAIS and mental retardation,Deletion,1-8,,,,,,,,,zero,,,,Termini not yet defined,Female,Normal ,neg,"Trifiro et al. Mol Cell Endocrinol 75: 37-47, 1991",,,,
29,CAIS,Deletion,1-8,,,,,,,,,zero,,,,,Female,Normal ,pos,"Quigley et al. J Clin Endocrinol Metab 74: 927-933, 1992",,,,
30,CAIS,Deletion,1-8,,,,,,,,,zero,,,,,Female,Normal ,pos,"Hiort et al. Am J Med Genet. 63: 218-22, 1996",,,,
435,CAIS,Deletion,1-8,,,,,,,,,zero,,,,,Female,Normal ,,"Ahmed et al. J Clin Endocrinol Metab 85: 658-665, 2000",,,,
23,CAIS,Duplicat.,2,,,,,,,,,,,,,Duplication of 8nt # 2787-2094 frameshift & stop in Codon 564,Female,Normal ,,"Lumbroso et al. 10th Int Cong of Endocrinol, Abstr P1-182, 1996",,,,
1109,CAIS,Deletion,2        DBD,,,,,,,,,,,,,Also deletion of surrounding introns -total 6-7000 bp,Female,Normal ,pos,"Li et al., Genetics & Mol Res 10: 1022-1031, 2011",,,,
31,CAIS,Deletion,2        ,,,,,,,,,,,,,,Female,Normal ,,"Quigley et al.  J Cell Biochem Suppl 16 Abstr. L323, 1992",,,,
579,CAIS,Deletion,2        ,,,,,,,,,,,,,No immunoreactive AR,Female,Normal ,,"Avila et al. J Clin Endocrinol Metab 87. 182-188, 2002",,,,
580,CAIS,Deletion,2        ,,,,,,,,,,,,,No immunoreactive AR,Female,Normal ,,"Avila et al. J Clin Endocrinol Metab 87. 182-188, 2002",,,,
441,CAIS,Duplicat.,2        ,,,,,,,,,,,,,Duplication of exon 2,Female,Normal ,,"Ahmed et al. J Clin Endocrinol Metab 85: 658-665, 2000",,,,
652,CAIS,Duplicat.,2        ,,,,,,,,,,,,,"Duplication of exon 2
sister of 653",Female,Normal ,pos,"Hannema et al. J Clin  Endocrinol Metab 89: 5815-5822, 2004",,,,
653,CAIS,Duplicat.,2        ,,,,,,,,,,,,,Duplication of exon 2 sister of 652,Female,Normal ,pos,"Hannema et al. J Clin  Endocrinol Metab 89: 5815-5822, 2004",,,,
970,CAIS,Deletion,2        ,,,,,p.(His546,fs),23,17,,,,,17bp del. at 2/3 splice site  resulting in fs & stop in Codon 547,Female,Normal ,pos,"Audi et al. J Clin Endocrinol Metab 95: 1876-1888, 2010",,,,
32,PAIS,Substitut.,2        ,,,548,1644,p.(Leu548,Phe),,,low,high,,,"Also has p.Trp742Cys 3341G>C mutation
",Male,Ambiguous ,pos,"Melo et al. J Clin Endocrinol Metab 88: 3241-3250, 2003",>T,2759,c.1644G,2759G
673,PAIS,Substitut.,2        ,,,548,1644,p.(Leu548,Phe),,,,,,,,,Ambiguous ,,"Bouvattier et al: J Clin Endorinol & Metab 87: 29-32, 2002",>T,2759,c.1644G,2759G
768,MAIS,Substitut.,2        ,,,548,1644,p.(Leu548,Phe),,,,,,,Male infertility,Male,Normal ,,"Ferlin et al. Clin Endocrinol 65: 606-610, 2006",>T,2759,c.1644G,2759G
357,"Prostate
cancer",Deletion,2        ,,,548,1644,p.(Leu547,fs),,,,,,,Frameshift - somatic mutation,Male,Normal ,,"Takahashi et al. Cancer Research 55: 1621-1624, 1995",delG,2759,c.1644,2759
824,MAIS,Substitut.,2        ,*,,548,1644,p.(Leu548,Phe),19,17,,,,,"Azoospermia, normal T, left varicocele, Sertoli only syndrom",Male,Normal ,,"Zuccarello et al. Clin Endocrinol 68: 58-588, 2008",>T,2759,c.1644G,2759G
825,MAIS,Substitut.,2        ,*,,548,1644,p.(Leu548,Phe),19,18,,,,,"Male infertility, low T",Male,Normal ,,"Zuccarello et al. Clin Endocrinol 68: 58-588, 2008",>T,2759,c.1644G,2759G
33,MAIS,Substitut.,2        ,,,549,1645,p.(Pro549,Ser),,,,,,,"Distal hypospadia,
variable penetrance in family members",Male,Near-normal male,pos,"Sutherland et al. J of Urology 156: 828-831, 1996",>T,2760,c.1645C,2760C
358,"Prostate
cancer",Deletion,2        ,,,555,1665,p.(Pro555,fs),,,,,,,Frameshift - somatic mutation,Male,Normal ,,"Takahashi et al. Cancer Research 55: 1621-1624, 1995",delA,2780,c.1665,2780
359,"Prostate
cancer",Deletion,2        ,,,555,1665,p.(Pro555,fs),,,,,,,Frameshift - somatic mutation,Male,Normal ,,"Takahashi et al. Cancer Research 55: 1621-1624, 1995",delA,2780,c.1665,2780
952,Prostate cancer,Substitut.,2        DBD,,,559,1675,p.(Thr559,Ser),,,,,,,Germline mutation early onset disease in African-American,Male,Normal ,pos,"Hu et al. Asian J Androl
12: 336-343, 2010",>T,2790,c.1675A,2790A
34,CAIS,Substitut.,2        DBD,*,,560,1679,p.(Cys560,Tyr),,,normal,normal,,,,Female,Normal ,neg,"Zoppi et al. Mol Endocrinol 6: 409, 1992",>A,2794,c.1679G,2794G
797,CAIS,Substitut.,2        DBD,,,563,1688,p.(Cys563,Tyr),,,,,,,,Female,Normal ,,"Jaaskelainen et al. Hum Mutat 27: 291, 2006",>A,2803,c.1688G,2803G
840,CAIS,Duplicat.,2        DBD,,,563,1686,p.(563Cys,dup),,,,,,,Insertion of CTG ,Female,Normal ,,"Jeske et al. J Pediatr Endocrinol Metab 20: 893-908, 2007",dupCTG,2801,c.1686_1688,2801_2803
1036,PAIS,Substitut.,2        DBD,,,565,1693,p.(Asp565,Asn,,,,,,,"External Masculisation Score = 5, ",Male,Ambiguous ,pos,"Hellmann et al. Arch Dis Child 97:403-409, 2012",>A,2808,c.1693G,2808G
1037,PAIS,Substitut.,2        DBD,,,565,1693,p.(Asp565,Asn,,,,,,,External Masculisation Score = 5,Male,Ambiguous ,pos,"Hellmann et al. Arch Dis Child 97:403-409, 2012",>A,2808,c.1693G,2808G
37,PAIS,Substitut.,2        DBD,,,569,1706,p.(Gly569 ,Val),,,normal,normal,,,,,,,"Chang et al. 73rd US Endo Soc Meeting, Abstr 28, 1991",>T,2821,c.1706G,2821G
36,PAIS,Substitut.,2        DBD,,,569,1706,p.(Gly569,Val),,,normal,,,,Severe hypospadia,Male,Ambiguous ,,"Allera et al: J Clin Endocrinol Metab 80: 2697-2699, 1995",>T,2821,c.1706G,2821G
35,PAIS,Substitut.,2        DBD,,,569,1705,p.(Gly569,Trp),,,normal,normal,,,,Female,Normal ,,"Lobaccaro et al. Clin Endocrinol, 40: 297, 1994",>T,2820,c.1705G,2820G
674,PAIS,Substitut.,2        DBD,,,569,1705,p.(Gly569,Trp),,,,,,,,,,,"Bouvattier et al: J Clin Endorinol & Metab 87: 29-32, 2002",>T,2820,c.1705G,2820G
971,CAIS,Substitut.,2        DBD,,,569,1706,p.(Gly569,Glu),26,18,,,,,,Female,Normal ,neg,"Audi et al. J Clin Endocrinol Metab 95: 1876-1888, 2010",>A,2821,c.1706G,2821G
971,CAIS,Substitut.,2        DBD,,,569,1706,p.(Gly569,Glu),,,,,,,,Female,Normal ,,"Hughes et al. Semin Reprod Med 30: 432-442, 2012",>A,2821,c.1706G,2821G
545,PAIS,Substitut.,2        DBD,,,572,1714,p.(Tyr572,His),21,,,,,,sibling of 0747,Male,Ambiguous ,pos,"Boehmer et al. J Clin Endocrinol Metab 86: 4151-4160, 2001",>C,2829,c.1714T,2829T
558,PAIS,Substitut.,2        DBD,,,572,1714,p.(Tyr572,His),,,,,,,DHT therapy effective,Male,Ambiguous ,,"Foresta et al. Am J Med Genet 107: 259-260, 2002",>C,2829,c.1714T,2829T
747,PAIS,Substitut.,2        DBD,,,572,1714,p.(Tyr572,His),,,,,,,sibling of 0545,Male,Ambiguous ,pos,"Boehmer et al. J Clin Endocrinol Metab 86: 4151-4160, 2001",>C,2829,c.1714T,2829T
748,PAIS,Substitut.,2        DBD,,,572,1714,p.(Tyr572,His),,,normal,low,,,nephew of  0545 & 0747,Male,Ambiguous ,pos,"Boehmer et al. J Clin Endocrinol Metab 86: 4151-4160, 2001",>C,2829,c.1714T,2829T
769,MAIS,Substitut.,2        DBD,,,572,1714,p.(Tyr572,His),,,,,,,male infertility,Male,Normal ,,"Ferlin et al. Clin Endocrinol 65: 606-610, 2006",>C,2829,c.1714T,2829T
826,PAIS?,Substitut.,2        DBD,*,,572,1714,p.(Tyr572,His),19,19,,,,,male infertility,Male,Normal ,,"Zuccarello et al. Clin Endocrinol 68: 58-588, 2008",>C,2829,c.1714T,2829T
32,CAIS,Substitut.,2        DBD,*,,572,1715,p.(Tyr572,Cys),,,,,,,,Female,Normal ,,"Komori et al. Arch Gynecol & Obstetrics 261: 95-100, 1998",>G,2830,c.1715A,2830A
972,CAIS,Substitut.,2        DBD,,,574,1720,p.(Ala574,Pro),24,18,,,,,1 affected sister,Female,Normal ,pos,"Audi et al. J Clin Endocrinol Metab 95: 1876-1888, 2010",>C,2835,c.1720G,2835G
38,CAIS,Substitut.,2        DBD,,,574,1721,p.(Ala574,Asp),,,normal,,,,Defective DNA binding & transactivation,Female,Normal ,neg,"Bruggenwirth et al. J
Steroid Biochem Mol 
Biol 58: 569-575, 1996",>A,2836,c.1721C,2836C
489,Prostate Cancer,Substitut.,2        DBD,,,576,1726,p.(Thr576,Ala),,,,,,,Somatic mutation,Male,Normal ,,"Marcelli et al. Cancer Research 60: 944-949, 2000",>G,2841,c.1726A,2841A
810,Prostate Cancer,Substitut.,2        DBD,*,,576,1726,p.(Thr576,Ala),,,,,,,Som mut. also T878A   binds to non-AR- specific motifs,Male,Normal ,,"Monge et al.Cell Mol Life Sci 63: 487-497, 2006",>G,2841,c.1726A,2841A
40,CAIS,Substitut.,2        DBD,,,577,1730,p.(Cys577,Phe),,,normal,normal,,,,Female,Normal ,,"Chang et al. 73rd US Endo Soc Meeting, Abstr 28, 1991",>T,2845,c.1730G,2845G
407,CAIS,Substitut.,2        DBD,,,577,1730,p.(Cys577,Phe),,,,,,,Lack of DNA binding -19 members of same family 3 testis tumors,Female,Normal ,pos,"Hooper et al. Cinical Genetics 65: 183-190, 2004",>T,2845,c.1730G,2845G
39,CAIS,Substitut.,2        DBD,*,,577,1729,p.(Cys577,Arg),,,normal,normal,,,,Female,Normal ,pos,"Zoppi et al. Mol Endocrinol 6: 409, 1992",>C,2844,c.1729T,2844T
554,PAIS,Substitut.,2        DBD,*,,578,1732,p.(Gly578,Arg),,,normal,normal,high,,Alters affinity & selectivity of AR-ARE interactions,,,,"Nguyen et al. Mol Endocrinol 15: 1790-1802, 2001",>A,2847,c.1732G,2847G
509,PAIS,Substitut.,2        DBD,*,,579,1736,p.(Ser579,Thr),,,normal,,,,partial tranactivation in COS cells,Male,Ambiguous ,,"Giwercman et al. Hormone Research 53: 83-88, 2000",>C,2851,c.1736G,2851G
1023,CAIS,Substitut.,2        DBD,,,579,1736,p.(Ser579,Asp),,,,,,,,Female,Normal ,pos,"Xiao et al. Chinese Med J 123: 1473-1476, 2010",>A,2851,c.1736G,2851G
43,CAIS,Deletion,2        DBD,,,580,1740,p.(Cys580,fs),,,zero,,,,"Single nt deletion causing frameshift  &
stop in codon 620",Female,Normal ,,"Imai et al. Annals Clin Biochem 32: 482-486, 1995",delC,2855,c.1740,2855
41,CAIS,Substitut.,2        DBD,,,580,1739,p.(Cys580,Tyr),,,,,,,,Female,Normal ,,"Sultan et al. J Steroid
Biochem Mol Biol: 46: 519-30, 1993",>A,2854,c.1739G,2854G
42,CAIS,Substitut.,2        DBD,*,,580,1739,p.(Cys580,Phe),,,normal,normal,,,"Reduced transcription 
& DNA binding",Female,Normal ,pos,"Imasaki et al. Mol & Cell Endocrinol 120: 15-24, 1996",>T,2854,c.1739G,2854G
973,CAIS,Substitut.,2        DBD,*,,580,1740,p.(Cys580,Trp),23,17,low,low,,,"Mother & 1 aunt heterozygous carriers, 1 aunt affected",Female,Normal ,pos,"Audi et al. J Clin Endocrinol Metab 95: 1876-1888, 2010",>G,2855,c.1740C,2855C
487,"Prostate
Cancer",Substitut.,2        DBD,,,581,1742,p.(Lys581,Arg),,,,,,,Somatic mutation,Male,Normal ,,"Marcelli et al. Cancer Research 60: 944-949, 2000",>G,2857,c.1742A,2857A
843,PAIS,Substitut.,2        DBD,,,581,1742,p.(Lys581,Arg),,,,,,,Attempted sex reassignment at 31 did not succeed,Female,Ambiguous ,,"Katsumata et al. 
Endocr J 55: 225-228, 2008",>G,2857,c.1742A,2857A
44,CAIS,Substitut.,2        DBD,*,,582,1744,p.(Val582,Phe),,,normal,normal,,,,Female,Normal ,,"Lumbroso et al. Fertil Steril, 60: 814, 1993",>T,2859,c.1744G,2859G
675,CAIS,Substitut.,2        DBD,*,,582,1744,p.(Val582,Phe),,,,,,,bilateral inguinal hernia,Female,Normal ,,"Bouvattier et al. J Clin Endorinol & Metab 87: 29-32, 2002",>T,2859,c.1744G,2859G
676,CAIS,Substitut.,2        DBD,*,,582,1744,p.(Val582,Phe),,,,,,,bilateral inguinal hernia,Female,Normal ,,"Bouvattier et al.  J Clin Endorinol & Metab 87: 29-32, 2002",>T,2859,c.1744G,2859G
1031,CAIS,Substitut.,2        DBD,*,,582,1744,p.(Val582,Phe),,,,,,,,Female,Normal ,,"Hughes et al., The Lancet 380:1419-1428, 2012

",>T,2859,c.1744G,2859G
719,PAIS,Substitut.,2        DBD,,,582,1744,p.(Val582,Leu),,,,,,,niece also affected,Female,Ambiguous ,pos,"Ledig et al: Horm Res 63: 263-269, 2005",>C,2859,c.1744G,2859G
1032,PAIS,Substitut.,2        DBD,*,,582,1744,p.(Val582,Leu),,,,,,,,Female,Ambiguous ,,"Hughes et al., The Lancet 380:1419-1428, 2012",>C,2859,c.1744G,2859G
1033,PAIS,Substitut.,2        DBD,*,,582,1745,p.(Val582,Gly),,,,,,,,Female,Ambiguous ,,"Hughes et al., The Lancet 380:1419-1428, 2012",>G,2860,c.1745T,2860T
47,PAIS,Substitut.,2        DBD,,,583,1748,p.(Phe583,Ser),,,zero,,,,,Female,Ambiguous ,,"Hiort et al. Hum Mol Genet
3: 1163-1166 1994",>C,2863,c.1748T,2863T
46,PAIS,Substitut.,2        DBD,,,583,1748,p.(Phe583,Tyr),,,normal,normal,,,"Reduced transcription
& DNA binding",Female,Ambiguous ,pos,"Imasaki et al. Mol & Cell Endocrinol 120: 15-24, 1996",>A,2863,c.1748T,2863T
45,CAIS,Deletion,2        DBD,*,,584,1750,p.(Phe584,del),22,23,low,normal,,,3 nt del - p.Phe584del,Female,Normal ,neg,"Beitel et al. Hum Mol Genet, 3: 21, 1994",delTTC,2865,c.1750_1752,2865_2867
442,CAIS,Deletion,2        DBD,,,584,1750,p.(Phe584,del),,,normal,normal,,,3 nt del - p.Phe584del,Female,Normal ,,"Ahmed et al. J Clin Endocrinol Metab 85: 658-665, 2000",delTTC,2865,c.1750_1752,2865_2867
597,CAIS,Deletion,2        DBD,,,584,1750,p.(Phe584,del),,,,,,,3 nt del - p.Phe584del,Female,Normal ,,"Scheiber et al. J Pedatric Endocrinol & Metab. 16: 367-373, 2003",delTTC,2865,c.1750_1752,2865_2867
974,CAIS,Substitut.,2        DBD,,,584,1752,p.(Phe584,Leu),29,17,,,,,"Mother & 2 sisters heterozygous carriers
1 sister & 1 aunt affct",Female,Normal ,pos,"Audi et al. J Clin Endocrinol Metab 95: 1876-1888, 2010",>G,2867,c.1752C,2867C
48,CAIS,Substitut.,2        DBD,,,586,1757,p.(Arg586,Lys),,,,,,,,Female,Normal ,,"Sultan et al. J Steroid
Biochem & Mol Biol: 46
519, 1993",>A,2872,c.1757G,2872G
488,"Prostate
Cancer",Substitut.,2        DBD,,,587,1760,p.(Ala587,Val),,,,,,,Somatic mutation,Male,Normal ,,"Marcelli et al. Cancer Research 60: 944-949, 2000",>T,2875,c.1760C,2875C
877,CAIS,Substitut.,2        DBD,*,,587,1760,p.(Ala587,Asp),,,normal,,,,Zero transactivation activity,Female,Normal ,pos,"Rajender et al. Fert Steril 91: 933.e23-28, 2009",>A,2875,c.1760C,2875C
490,"Prostate
Cancer",Substitut.,2        DBD,,,588,1762,p.(Ala588,Ser),,,,,,,Somatic mutation,Male,Normal ,,"Marcelli et al. Cancer Research 60: 944-949, 2000",>T,2877,c.1762G,2877G
49,CAIS,Deletion,2-8,,,,,,,,,zero,,,,"Similar 2-8 deletion
in 2 different families",Female,Normal ,,"Jakubiczka et al. Human Mutation 9: 57-61, 1997",,,,
50,CAIS,Deletion,3        DBD,*,,,,,,,,high,normal,,,"Produces internally 
deleted protein",Female,Normal ,pos,"Quigley et al. Mol Endocrinol 6: 1103, 1992",,,,
51,CAIS,Deletion,3        DBD,,,,,,,,,,,,,,Female,Normal ,pos,"Hiort et al. Am J Med Genet. 63: 218-22, 1996",,,,
443,CAIS,Deletion,3        DBD,,,,,,,,,zero,,,,,Female,Normal ,,"Ahmed et al. J Clin Endocrinol Metab 85: 658-665, 2000",,,,
444,CAIS,Deletion,3        DBD,,,,,,,,,,,,,,Female,Normal ,,"Ahmed et al. J Clin Endocrinol Metab 85: 658-665, 2000",,,,
52,CAIS,Substitut.,3        DBD,*,,591,1771,p.(Lys591,*),,,zero,,,,,Female,Normal ,,"Marcelli et al: Mol Endocrinol 4: 1105, 1990",>T,2886,c.1771A,2886A
975,CAIS,Substitut.,3        DBD,,,594,1782,p.(Tyr594,*),18,18,,,,,,Female,Normal ,neg,"Audi et al. J Clin Endocrinol Metab 95: 1876-1888, 2010",>A,2897,c.1782C,2897C
887,"Prostate
Cancer",Substitut.,3        DBD,,,595,1783,p.(Leu595,Met),,,,,,,"Q58L,Q86del,Q262*, E666D, AR23. Bical  treated",Male,Normal ,,"Steinkamp et al. Cancer Res 69: 4434-4442, 2009",>A,2898,c.1783C,2898C
53,PAIS,Substitut.,3        DBD,*,*,597,1789,p.(Ala597,Thr),,,normal ,normal,,,Found in 2 unrelated fam. Abolishes dimerization,Male,Ambiguous ,pos,"Gast et al. Mol & Cell Endocrinol 111: 93-98, 1995",>A,2904,c.1789G,2904G
434,PAIS,Substitut.,3        DBD,,*,597,1789,p.(Ala597,Thr),,,normal ,normal,,,Somatic mosaicism,Male,Ambiguous ,,"Holterhus et al. Pediatric Res 46: 684-690, 1999",>A,2904,c.1789G,2904G
510,PAIS,Substitut.,3        DBD,*,*,597,1789,p.(Ala597,Thr),,,normal ,,,,partial transactivation in COS cells,Male,Ambiguous ,,"Giwercman et al. Hormone Research 53: 83-88, 2000",>A,2904,c.1789G,2904G
710,PAIS,Substitut.,3        DBD,,*,597,1789,p.(Ala597,Thr),,,high,,,,,Male,Ambiguous ,,"Deeb et al. Clinical Endocrinology 63: 56-62, 2005",>A,2904,c.1789G,2904G
54,PAIS,Substitut.,3        DBD,*,,598,1792,p.(Ser598,Gly),,,normal,normal,,,High disso rate.  Also has p.R618P 2968G>C mut.,Female,Ambiguous ,,"Zoppi et al. Mol Endocrinol 6: 409-415, 1992",>G,2907,c.1792A,2907A
390,PAIS,Substitut.,3        DBD,,,598,1793,p.(Ser598,Thr),,,,,,,Servere hypospadia and cryptorchidism,Male,Ambiguous ,,"Nordenskjold et al Urological Res. 27: 49-55, 1999",>C,2908,c.1793G,2908G
609,PAIS,Substitut.,3        DBD,,,598,1794,p.(Ser598,Arg),,,,,,,Newborn treated with 1% DHT locally - normal penile size,Male,Ambiguous ,,"Giwercmann et al. 
Horm Res 61: 58-62,              2004",>A,2909,c.1794C,2909C
610,Normal,Substitut.,3        DBD,,,598,1794,p.(Ser598,Arg),,,,,,,Adult  had bilateral cryptorchadism  in childhood,Male,Normal ,,"Giwercmann et al. 
Horm Res  61: 58-62,              2004",>A,2909,c.1794C,2909C
959,"E006AA
Prost Can cell line",Substitut.,3        DBD,,,598,1792,p.(Ser598,Gly),,,,,,,"Dominant-negative loss of function mut
AR gene amplificat",Male,Normal ,,"D'Antonio et al. PLOS One 5: e11475, 2010",>G,2907,c.1792A,2907A
720,CAIS,Deletion,3        DBD,,,600,1799,p.(Asn600,fs),,,,,,,1 nt deletion causing frameshift & stop at codon  625,Female,Normal ,neg,"Ledig et al: Horm Res 63: 263-269, 2005",delA,2914,c.1799A,2914A
55,CAIS,Substitut.,3        DBD,,,602,1805,p.(Cys602,Phe),,,,,,,,Female,Normal ,pos,"Baldazzi et al. Hum Mol Genet
3: 1169-70 1994",>T,2920,c.1805G,2920G
946,PAIS,Substitut.,3        DBD,*,,602,1805,p.(Cys602,Ser),,,,,,,40% loss of ligand-binding & 70% loss of transacrivation,Female,Ambiguous ,,Singh et al. J Steroid Biochem Mol Biol 2010,>C,2920,c.1805G,2920G
1075,CAIS,Substitut.,3        DBD,*,,602,1805,p.(Cys602,Tyr),,,,,,,,Female,Normal ,,"Hughes et al. Semin Reprod Med 30: 432-442, 2012",>A,2920,c.1805G,2920G
362,PAIS,Substitut.,3        DBD,,,603,1807,p.(Thr603,Pro),24,,,,,,testis located in ingunal canal. Same family as 0831,Male,Ambiguous ,pos,"Melo et al. J Clin Endorinol & Metab 88: 3241-3250, 2003",>C,2922,c.1807A,2922A
831,PAIS,Substitut.,3        DBD,,,603,1807,p.(Thr603,Pro),,,,,,,Same family as 0362,Male,Ambiguous ,pos,"Melo et al. Arq Bras Endocrinol Metab 49: 87-97, 2005 ",>C,2922,c.1807A,2922A
942,PAIS,Substitut.,3        DBD,,,604,1811,p.(Ile604,Asn),,,zero,,,,Somatic mosaicism -no transcriptional activity,,,,"Elfferich et al. Sexual Development 3: 237-244,  2009 ",>A,2926,c.1811T,2926T
1034,CAIS,Substitut.,3        DBD,,,604,1811,p.(Ile604,Ser),,,,,,,"Twins
",Male,Normal ,,"Hughes et al., The Lancet 380:1419-1428, 2012",>G,2926,c.1811T,2926T
56,PAIS,Substitut.,3        DBD,,,605,1813,p.(Asp605,Tyr),,,,,,,,Male,Ambiguous ,,Hiort et al: Hum Mol Genet 3: 1163-1166 1994,>T,2928,c.1813G,2928G
598,PAIS,Substitut.,3        DBD,,,605,1813,p.(Asp605,Tyr),,,,,,,,Female,Ambiguous ,pos,"Scheiber et al. J Ped Endocrinol & Metab. 16: 367-373, 2003",>T,2928,c.1813G,2928G
1074,PAIS,Substitut.,3        DBD,,,605,1813,p.(Asp605,Asn,,,,,,,,,,,"Hughes et al. Semin Reprod Med 30: 432-442, 2012",>A,2928,c.1813G,2928G
848,CAIS,Substitut.,3        DBD,,*,608,1822,p.(Arg608,*),,,,,,,"Diag at 1 Mo- Wolffian derivatives 
on rt side only",Female,Normal ,pos,"Cheikhelard et al. J Urol 180: 1496-1501, 2008",>T,2937,c.1822C,2937C
57,CAIS,Substitut.,3        DBD,,*,608,1822,p.(Arg608,*),,,zero,,,,,Female,Normal ,,"Brown et al. Eur J
Pediatr (Suppl 2)
152. S62, 1993",>T,2937,c.1822C,2937C
511,CAIS,Substitut.,3        DBD,,*,608,1822,p.(Arg608,*),,,zero,,,,,Female,Normal ,,"Giwercman et al. Hormone Research 53: 83-88, 2000",>T,2937,c.1822C,2937C
702,CAIS,Substitut.,3        DBD,,*,608,1822,p.(Arg608,*),,,,,,,1 affected sibling,Female,Normal ,pos,"Boehmer et al. J Clin Endocrinol Metab 86: 4151-4160, 2001",>T,2937,c.1822C,2937C
770,MAIS,Substitut.,3        DBD,,*,608,1823,p.(Arg608,Gln),,,,,,,Male infertility,Male,Normal ,,"Ferlin et al. Clin Endocrinol 65: 606-610, 2006",>A,2938,c.1823G,2938G
677,PAIS,Substitut.,3        DBD,,*,608,1823,p.(Arg608,Gln),,,,,,,,,Ambiguous ,,"Bouvattier et al: J Clin Endorinol & Metab 87: 29-32, 2002",>A,2938,c.1823G,2938G
393,PAIS,Substitut.,3        DBD,,*,608,1823,p.(Arg608,Gln),,,,,,,Germ cell tumour - in undescended testis,Female,Normal ,,"Chen et al. Human Reproduction 14: 664-670, 1999",>A,2938,c.1823G,2938G
347,PAIS,Substitut.,3        DBD,,*,608,1823,p.(Arg608,Gln),,,,,,,"Patient successfully
treated with
testostertone enanthate",Male,Ambiguous ,,"Weidemann et al. J Clin Endocrinol  & Metab 83: 1173-1176, 1998",>A,2938,c.1823G,2938G
60,PAIS,Substitut.,3        DBD,,*,608,1823,p.(Arg608,Gln),,,,,,,,Female,Ambiguous ,,"Hiort et al. Am J Med Genet. 63: 218-222, 1996",>A,2938,c.1823G,2938G
59,PAIS,Substitut.,3        DBD,*,*,608,1823,p.(Arg608,Gln),,,normal,normal,,,,Male,Ambiguous ,pos,"Weidemann et al. Clin
Endocrinology 45: 733 -739, 1996",>A,2938,c.1823G,2938G
58,PAIS and breast cancer,Substitut.,3        DBD,,*,608,1823,p.(Arg608,Gln),,,,,,,,Male,Ambiguous ,pos,"Wooster et al. Nat Genet 2: 132, 1992",>A,2938,c.1823G,2938G
847,CAIS,Substitut.,3        DBD,,,608,1822,p.(Arg608,*),,,,,,,Diag at 1Mo Bilateral gonadectomy at 16y,Female,Normal ,pos,"Cheikhelard et al. J Urol 180: 1496-1501, 2008",>T,2937,c.1822C,2937C
61,PAIS,Substitut.,3        DBD,,,609,1826,p.(Arg609,Lys),,,normal,normal,,,,Male,Ambiguous ,"
","Saunders et al. Clin Endocrinol 37: 214, 1992",>A,2941,c.1823G,2941G
62,PAIS and breast cancer,Substitut.,3        DBD,,,609,1826,p.(Arg609,Lys),,,normal,normal,,,,Male,Ambiguous ,,"Lobaccaro et al. Hum Mol Genet, 2: 1799, 1993",>A,2941,c.1823G,2941G
322,PAIS ,Substitut.,3        DBD,,,609,1826,p.(Arg609,Lys),,,normal,normal,,,Defective nuclear localization,Male,Ambiguous ,,"Tincello et al. Clinical Endocrinology 46: 497-506, 1997",>A,2941,c.1823G,2941G
352,PAIS ,Substitut.,3        DBD,,,609,1826,p.(Arg609,Lys),,,,,,,,Male,Ambiguous ,pos,"Hiort et al. J Pediatrics
132: 939- 943, 1998",>A,2941,c.1823G,2941G
481,PAIS ,Substitut.,3        DBD,,,609,1826,p.(Arg609,Lys),,,normal,high,,,,, ,,"Ahmed et al. J Clin Endocrinol Metab 85: 658-665, 2000",>A,2941,c.1823G,2941G
412,CAIS,Deletion,3        DBD,,,609,1825,p.(Arg609,fs),,,,,,,Mullerian ducts  pres. 5nt del frameshift & stop in codon  621,Female,Normal ,,"Chen et al. Fertility & Sterility 72: 170-173, 1999",delAGGAA,2940,c.1825_1829,2940_2944
956,PAIS ,Substitut.,3        DBD,,,609,1826,p.(Arg609,Lys),,,,,,,,Male,Ambiguous ,neg,"Wu et al. Fertility & Sterility 93: 2076, e1-4, 2010",>A,2941,c.1826G,2941G
63,PAIS,Substitut.,3        DBD,*,,611,1832,p.(Asn611,Thr),,,normal,low,,*,,Male,Ambiguous ,,"Weidemann et al. Clin
Endocrinology 45: 733 -739, 1996",>C,2947,c.1832A,2947A
721,CAIS,Insertion,3        DBD,,,611,1831,p.(Asn611,fs),,,,,,,,Female,Normal ,neg,"Ledig et al. Horm Res 63: 263-269, 2005",insA,2946,c.1831_1832,2946_2947
496,CAIS,Substitut.,3        DBD,,,612,1835,p.(Cys612,Tyr),,,,,,,,Female,Normal ,,"Mockel et al. Geburtshi. und Frauen. 60: 232-234, 2000",>A,2950,c.1835G,2950G
722,CAIS,Substitut.,3        DBD,,,615,1835,p.(Cys615 ,Tyr),,,,,,,,Female,Normal ,neg,"Ledig et al: Horm Res 63: 263-269, 2005",>A,2959,c.1835G,2959G
1076,CAIS,Substitut.,3        DBD,,,616,1835,p.(Arg616 ,Cys),,,,,,,,Female,Normal ,,"Hughes et al. Semin Reprod Med 30: 432-442, 2012",>T,2961,c.1846C,2961C
512,CAIS,Substitut.,3        DBD,*,,616,1846,p.(Arg616,Gly),,,,,,,no transactivation in COS cells,Female,Normal ,,"Giwercman et al. Hormone Research 53: 83-88, 2000",>G,2961,c.1846C,2961C
65,CAIS,Substitut.,3        DBD,*,*,616,1847,p.(Arg616,His),25,23,low,high,,,,Female,Normal ,pos,"Beitel et al. Hum Mol Genet, 3: 21-27, 1994",>A,2962,c.1847G,2962G
66,CAIS,Substitut.,3        DBD,*,*,616,1847,p.(Arg616,His),,,normal ,normal,,,,Female,Normal ,pos,"Mowszowicz et al. Mol Endocrinol 7: 861-869, 1993",>A,2962,c.1847G,2962G
67,CAIS,Substitut.,3        DBD,*,*,616,1847,p.(Arg616,His),,, ,,,,,Female,Normal ,,"Brown et al. Eur J 
Pediatr 152 (Suppl 2): 
S62, 1993",>A,2962,c.1847G,2962G
68,CAIS,Substitut.,3        DBD,*,*,616,1847,p.(Arg616,His),,, ,,,,2 affected siblings variable phenotype,Female,Normal ,pos,"Boehmer et al. J Clin Endocrinol Metab 86: 4151-4160, 2001",>A,2962,c.1847G,2962G
348,CAIS,Substitut.,3        DBD,,*,616,1847,p.(Arg616,His),,, ,,,,,Female,Normal ,,"Cabral et al. Brazilian J Mol & Biol Res. 31: 775-778, 1998",>A,2962,c.1847G,2962G
353,CAIS,Substitut.,3        DBD,,*,616,1847,p.(Arg616,His),,,,,,,,Female,Normal ,,"Hiort et al. J Pediatrics
132: 939- 943, 1998",>A,2962,c.1847G,2962G
354,CAIS,Substitut.,3        DBD,,*,616,1847,p.(Arg616,His),,,,,,,,Female,Normal ,,"Hiort et al. J Pediatrics
132: 939- 943, 1998",>A,2962,c.1847G,2962G
69,PAIS,Substitut.,3        DBD,,*,616,1847,p.(Arg616,His),,,,,,,,Male,Ambiguous ,,"Hiort et al. Am J Med Genet. 63: 218-222, 1996",>A,2962,c.1847G,2962G
654,CAIS,Substitut.,3        DBD,,*,616,1847,p.(Arg616,His),,,,,,,Wolffian remnants present - sister of 655,Female,Normal ,pos,"Hannema et al. J Clin  Endocrinol Metab 89: 5815-5822, 2004",>A,2962,c.1847G,2962G
655,CAIS,Substitut.,3        DBD,,*,616,1847,p.(Arg616,His),,,,,,,Sister of 654,Female,Normal ,pos,"Hannema et al. J Clin  Endocrinol Metab 89: 5815-5822, 2004",>A,2962,c.1847G,2962G
69,MAIS,Substitut.,3        DBD,,*,616,1847,p.(Arg616,His),,,,,,,Male infertility,Male,Normal ,,"Ferlin et al. Clin Endocrinol 65: 606-610, 2006",>A,2962,c.1847G,2962G
70,PAIS,Substitut.,3        DBD,,,616,1847,p.(Arg616,Pro),,,,,,,,Male,Ambiguous ,,"Hiort et al. Am J Med Genet. 63: 218-222, 1996",>C,2962,c.1847G,2962G
445,CAIS,Substitut.,3        DBD,,,616,1847,p.(Arg616,Pro),,,normal,high,,,,Female,Normal ,,"Ahmed et al. J Clin Endocrinol Metab 85: 658-665, 2000",>C,2962,c.1847G,2962G
64,CAIS,Deletion,3        DBD,,,616,1846,p.(Arg616,del),27,23,normal,normal,,,"3 nt del - p.R616del
",Female,Normal ,,"Beitel et al. Hum Mol Genet, 3: 21-27, 1994",delCGT,2961,c.1846_1848,2961-2963
1025,CAIS,Substitut.,3        DBD,,,616,1846,p.(Arg616,Ser),,,,,,,mother is a heterozygous carrier,Female,Normal ,pos,"Sharma et al. Fertil Steril 95: 804, e19-21, 2011.",>A,2961,c.1846C,2961C
71,PAIS,Substitut.,3        DBD,*,,617,1850, p.(Leu617,Arg),,,normal,normal,,,,Female,Ambiguous ,pos,"De Bellis et al. J Clin Endocrinol Metab, 78: 513, 1994",>G,2965,c.1850T,2965T
72,CAIS,Substitut.,3        DBD,,,617,1850,p.(Leu617,Pro),,,,,,,,Female,Normal ,,"Mebarki et al. 75th US Endo Soc Meeting, Abstr 602,1993",>C,2965,c.1850T,2965T
73,CAIS,Substitut.,3        DBD,*,,617,1850,p.(Leu617,Pro),,,normal,normal,,,,Female,Normal ,,"Lobaccaro et al. Mol Cell Endorinol, 5: 137-147, 1996",>C,2965,c.1850T,2965T
1110,CAIS,Substitut.,3        DBD,,,618,1852,p. (Arg 618,*,,,,,,,Persistence of Wolffian derivatives,Female,Normal ,,"Liu et al. J Androl 33:357-360, 20123",">T
delG",2967,c.1852C,"2967C
2968"
74,PAIS,Substitut.,3        DBD,*,,618,1853,p.(Arg618,Pro),,,normal,normal,,,,Female,Ambiguous ,pos,"Marcelli et al. J Clin Invest. 87: 1123, 1991",>C,2968,c.1853G,2968G
75,PAIS,Substitut.,3        DBD,*,,618,1853,p.(Arg618,Pro),,,normal,normal,high,, Mutation also at 598,Female,Normal ,,"Zoppi et al. Mol Endocrinol 6: 409, 1992",>C,2968,c.1853G,2968G
431,"Prostate
cancer",Substitut.,3        DBD,*,,620,1859,p.(Cys620,Tyr),,,low,high,,,"Inactive transcription
Does not bind DNA
somatic mutation",Male,Normal ,,"Nazereth et al. Mol Endocrinol 13: 2065-2075, 1999",>A,2974,c.1859G,2974G
976,CAIS,Substitut.,3        DBD,,,620,1858,p.(Cys620,Arg),20,18,,,,,"Mother heterozygous carrier, 1 affected sister",Female,Normal ,pos,"Audi et al. J Clin Endocrinol Metab 95: 1876-1888, 2010",>C,2973,c.1858T,2973T
491,"Prostate
cancer",Substitut.,3        DBD,,,620,1859,p.(Cys620,Tyr),,,,,,,Somatic mutation,Male,Normal ,,"Marcelli et al. Cancer Research 60: 944-949, 2000",>A,2974,c.1859G,2974G
76,CAIS,Deletion,3-8,,,,,,,,,,,,,,Female,Normal ,,"Brown et al, Eur J
Pediatr (Suppl 2) 152: S62, 1993",,,,
711,PAIS,Substitut.,4        ,,,630,1888,p.(Arg630,Trp),,,normal,,,,40% higher transactivation than WT impaired N/C,Male,Ambiguous ,,"Deeb et al. Clinical Endocrinology 63: 56-62, 2005",>T,3003,c.1888C,3003C
306,"Prostate
cancer",Substitut.,4        ,,,630,1889,p.(Arg630,Gln),,,,,,,"1 of 6 of hormone-
independent D2
patients- somatic mut",Male,Normal ,,"Wang et al. Japanese J
of Urology 88: 550-556
1997",>A,3004,c.1889G,3004G
79,"Prostate
cancer",Substitut.,4        ,,,631,1892,p.(Lys631,Thr),,,,,,,"Also p.K718E mut.3267A>G,+ silent
mut in 702. Som mut",Male,Normal ,,"Tilley et al. Clinical
Cancer Res. 2: 277-285,
1996",>C,3007,c.1892A,3007A
77,MAIS,Deletion,4        LBD,,,,,,,,,,,,,Azoospermia,Male,Normal ,neg,"Aiken et al. Am J Obs & Gyn . 165: 1891-1894, 1991",,,,
1028,CAIS,Deletion,4        LBD,,,637,1910,p.(Asn637,fs),,,,,,,leads to p.Asn637Ile & Leu638*.  Mother heterozygous,Female,Normal ,pos,"Yue et al. Zhonghua 27: 631-633, 2010",delA,3025,c.1910,3025l
400,CAIS,Substitut.,4        LBD,,,641,1921,p.(Gln641,*),,,zero,,,,,Female,Normal ,,"Yaegashi et al. Tohoku J of Exp Med 187: 263-272, 1999",>T,3036,c.1921C,3036C
429,CAIS,Substitut.,4        LBD,,,641,1921,p.(Gln641,*),,,zero,,,,"also p.W752* mut. 3371G>A, 47XXY,
Muts on both X's",Female,Normal ,,"Uehara et al. Am J Med Genet 86: 107-111, 1999",>T,3036,c.1921C,3036C
613,"Prostate
cancer",Substitut.,4        LBD,*,,641,1921,p.(Gln641,*),,,,,,,also p.T 878A. transactiv androgen-independent ~275x induction,Male,Normal ,,"Ceraline et al. Int. J. Cancer 108: 152-157, 2004",>T,3036,c.1921C,3036C
80,PAIS,Substitut.,4        LBD,,,646,1937,p.(Ala646,Asp),,,,,,,,Male,Ambiguous ,,"Hiort et al. Am J Med Genet 63: 218-222, 1996",>A,3052,c.1937C,3052C
334,Normal,Substitut.,4        LBD,,,646,1937,p.(Ala646,Asp),,,,,,,,Male,Normal ,,"Nordenskjold et al. Human Mutation. 11: 339, 1998",>A,3052,c.1937C,3052C
617,CAIS,Substitut.,4        LBD,,,646,1937,p.(Ala646,Asp),27,,low,,,,Also p.R753Q,Female,Normal ,,"MacLean et al. Hum Mutat 23: 287, 2004",>A,3052,c.1937C,3052C
772,MAIS,Substitut.,4        LBD,,,646,1937,p.(Ala646,Asp),,,,,,,male infertility,Male,Normal ,,"Ferlin et al. Clin Endocrinol 65: 606-610, 2006",>A,3052,c.1937C,3052C
812,PAIS,Substitut.,4        LBD,*,,646,1937,p.(Ala646,Asp),28,,,,,,Long poly Q and short poly G contribute to PAIS,Male,Ambiguous ,,"Werner et al. J Clin Endocrinol Metab 91: 3515-3520, 2006",>A,3052,c.1937C,3052C
813,PAIS,Substitut.,4        LBD,*,,646,1937,p.(Ala646,Asp),30,,,,,,Long poly Q and short poly G contribute to PAIS,Male,Ambiguous ,,"Werner et al. J Clin Endocrinol Metab 91: 3515-3520, 2006",>A,3052,c.1937C,3052C
1078,PAIS,Substitut.,4        LBD,,,646,1937,p.(Ala646,Asp),30,,,,,,,,,,"Hughes et al. Semin Reprod Med 30: 432-442, 2012",>A,3052,c.1937C,3052C
81,Prostate cancer,Substitut.,4        LBD,,,648,1943,p.(Ser648,Asn),,,,,,,"Also p.G725D, L881Q & A897T mut
Somatic mutations",Male,Normal ,,"Taplin et al. New 
England J Med 332: 1393-1398, 1995",>A,3058,c.1943G,3058G
1020,Premature ovarian failure,Substitut.,4        LBD,,,650,1948,p.(Thr650,Ala),,,,,,,Patient had menopause at 28,Female,Normal ,,"Panda et al. Gynecol Endocrinol 27:1-7, 2011",>G,3063,c.1948A,3063A
576,Prostate cancer,Substitut.,4        LBD,,,650,1950,p.(Thr650,Thr),,,,,,,"Somatic mut. -CaP Poorly diff, Stage B2 +Estramustine treat",Male,Normal ,,"Segawa et al. Int J of Urology 9: 545-553, 2002",>T,3065,c.1950C,3065C
784,MAIS,Substitut.,4        LBD,,,651,1951,p.(Ser651,Gly),,,,,,,Male infertility,Male,Normal ,,"Ferlin et al. Clin Endocrinol 65: 606-610, 2006",>G,3066,c.1951A,3066A
827,MAIS,Substitut.,4        LBD,*,,651,1951,p.(Ser651,Gly),23,18,,,,,"Hypoandrogenism, scrotal hypoplsia
hypospematogenesis",Male,Normal ,,"Zuccarello et al. Clin Endocrinol 68: 58-588, 2008",>G,3066,c.1951A,3066A
555,PAIS,Substitut.,4        LBD,,,654,1960,p.(Glu654,Lys),20,,,,,,Also in family with CAH with no androgen insensitivity,Male,Ambiguous ,,"Lundberg et al. J Clin Endocrinol Metab 87: 2023-2028, 2002",>A,3075,c.1960G,3075G
517,CAIS,Substitut.,4        LBD,,,658,1972,p.(Gln658,*),,,,,,,,Female,Normal ,,"Chavez et al. Clin Genet 59: : 185-188, 2001 ",>T,3087,c.1972C,3087C
1021,Premature ovarian failure,Substitut.,4        LBD,,,658,1972,p.(Gln658,Lys),,,,,,,Patient had menopause at 17,Female,Normal ,,"Panda et al. Gynecol Endocrinol 27: 1-7, 2011",>A,3087,c.1972C,3087C
82,PAIS,Substitut.,4        LBD,,,665,1994,p.(Ile665,Asn),22,22,low,,norm,,,,,,"Pinsky et al. Clin Inv
Med 15: 456, 1992",>A,3109,c.1994T,3109T
1079,PAIS,Substitut.,4        LBD,,,665,1994,p.(Ile665,Asn),,,,,,,,,,,"Hughes et al. Semin Reprod Med 30: 432-442, 2012",>C,3109,c.1994T,3109T
937,"Prostate
cancer",Substitut.,4        LBD,,,666,,p.(Glu666,Asp),,,,,,,Treated with anti-androgens Occurred in 2 cases,Male,Normal ,,"Steinkamp et al. Cancer Res 69: 4434-4442, 2009",,,,
1083,CAIS,Substitut.,4        LBD,,,671,2011,p.(Gln,*),,,,,,,,Female,Normal ,,"Hughes et al. Semin Reprod Med 30: 432-442, 2012",>T,3126,c.2011,3126G
83,"Prostate
cancer",Substitut.,4        LBD,,,671,2012,p.(Gln671,Arg),,,,,,,"Also p.S792P
3489T>C mut.
Somatic mutation",Male,Normal ,,"Tilley et al. Clinical
Cancer Res. 2: 277-
285, 1996",>G,3127,c.2012A,3127A
84,PAIS,Substitut.,4        LBD,,,672,2015,p.(Pro672,His),,,,,,,"
",Male,Ambiguous ,,"Hiort et al. Am J Med Genet. 63: 218-222, 1996",>A,3130,c.2015C,3130C
943,CAIS,Substitut.,4        LBD,*,,672,2014,p.(Pro672,Ser),,,,,,,"Reduced transactivat
no change in DNA or FxxLF binding",Female,Normal ,,"Elfferich et al. Sexual Development 3: 237-244,  2009",>T,3129,c.2014C,3129C
85,"Prostate
cancer",Substitut.,4        LBD,,,673,2018,p.(Ile673,Thr),,,,,,,Somatic mutation,Male,Normal ,,"Tilley et al. Clinical
Cancer Res. 2: 277-
285, 1996",>C,3133,c.2018T,3133T
1079,PAIS,Substitut.,4        LBD,,,674,2021,p.(Phe674,Cys),,,,,,,,,,,"Hughes et al. Semin Reprod Med 30: 432-442, 2012",>G,3136,c.2021T,3136T
86,CAIS,Substitut.,4        LBD,,,678,2033,p.(Leu678,Pro),,,zero,,,,,Female,Normal ,pos,"Belsham et al. Human Mutation 5: 28-33, 1995",>C,3148,c.2033T,3148T
1080,PAIS,Substitut.,4        LBD,,,679,2036,p.(Glu679,Gly),,,,,,,,,,,"Hughes et al. Semin Reprod Med 30: 432-442, 2012",>G,3151,c.2036A,3151A
723,CAIS,Substitut.,4        LBD,,,681,2042,p.(Ile681,Thr),,,,,,,Affected twin sister,Female,Normal ,pos,"Ledig et al. Horm Res 63: 263-269, 2005",>C,3157,c.2042T,3157T
1005,PAIS,Substitut.,4        LBD,,,681,2042,p.(Ile681,Asn),21,4,normal,high,,,"sister , cousin and 2 great aunts affected",Female,Ambiguous ,pos,"Audi et al. J Clin Endocrinol Metab 95: 1876-1888, 2010",>A,3157,c.2042T,3157T
87,CAIS,Substitut.,4        LBD,,,682,2044,p.(Glu682,Lys),,,,,,,,Female,Normal ,,"Hiort et al. J Clin Endocrinol Metab 77: 262-266, 1993",>A,3159,c.2044G,3159G
394,CAIS,Substitut.,4        LBD,,,682,2044,p.(Glu682,Lys),,,,,,,Germ cell tumour in undescended testis,Female,Normal ,,"Chen et al. Human Reproduction 14: 664-670, 1999",>A,3159,c.2044G,3159G
618,CAIS,Substitut.,4        LBD,,,682,2044,p.(Glu682,*),21,,v low,,,,,Female,Normal ,,"MacLean et al. Hum Mutat 23: 287, 2004",>T,3159,c.2044G,3159G
619,CAIS,Substitut.,4        LBD,,,682,2044,p.(Glu682,*),21,,low,,,,,Female,Normal ,,"MacLean et al. Hum Mutat 23: 287, 2004",>T,3159,c.2044G,3159G
947,CAIS,Substitut.,4        LBD,,,682,2046,p.(Glu682,Asp),,,,,,,Mother a carrier- 3 affected siblings,Female,Normal ,pos,Wu et al. Zhonghua Yi Xue Yi Chuan Xue Za Zhi 26: 606-609 2009,>T,3161,c.2046G,3161G
534,PAIS,Substitut.,4        LBD,,,683,2047,p.(Pro683,Thr),,,low,,,,,Female,Ambiguous ,,"Chavez et al. J Hum Genet. 46: 560-565, 2001",>A,3162,c.2047C,3162C
724,CAIS,Substitut.,4        LBD,,,683,2047,p.(Pro683,Ala),,,low,,,,"aunt, 2 sisters and neice affected",Female,Normal ,pos,"Ledig et al. Horm Res 63: 263-269, 2005",>G,3162,c.2047C,3162C
89,"Prostate
cancer",Substitut.,4        LBD,,,684,2051,p.(Gly684,Ala),,,,,,,"Somatic mutation 
- transactivation normal",Male,Normal ,,"Koivisto et al. Cancer Research 57: 314-319, 1997",>C,3166,c.2051G,3166G
90,CAIS,Substitut.,4        LBD,,,685,2053,p.(Val685,Ile),,,zero,,,,,Female,Normal ,,"Mebarki et al. 75th US
Endo Soc Meeting,
Abstr 602, 1993",>A,3168,c.2053G,3168G
945,CAIS,Duplicat.,4        LBD,,,686,2055,p.(Val686,fs),,,,,,,"2 nt duplicat. causing 
frameshift  & stop in 
Codon 788",Female,Normal ,pos,"Rong et al. Eur J Obst & Gynecol & Reprod
Biol 148: 53-55, 2010",dupAG,3170,p.2055_2056,"3170
_3171"
91,PAIS,Substitut.,4        LBD,,,687,2059,p.(Cys687,Arg),,,,,,,,Male,Ambiguous ,,"Hiort et al. Am J Med Genet. 63: 218-222, 1996",>C,3174,c.2059T,3174T
1081,PAIS,Substitut.,4        LBD,,,688,2063,p.(Ala688,Asp),,,,,,,,,,,"Hughes et al. Semin Reprod Med 30: 432-442, 2012",>A,3178,c.2063C,3178C
92,PAIS,Substitut.,4        LBD,,,688,2063,p.(Ala688,Val),,,,,,,,Male,Ambiguous ,,"Hiort et al. Am J Med Genet. 63: 218-222, 1996",>T,3178,c.2063C,3178C
93,CAIS,Substitut.,4        LBD,,,689,2066,p.(Gly689,Glu),,,,,,,de novo mutation,Female,Normal ,neg,"Hiort et al. J Pediatrics
132: 939-943, 1998",>A,3181,c.2066G,3181G
446,CAIS,Substitut.,4        LBD,,,689,2065,p.(Gly689,*),,,zero,,,,,Female,Normal ,,"Ahmed et al. J Clin Endocrinol Metab 85: 658-665, 2000",>T,3180,c.2065G,3180G
575,CAIS,Substitut.,4        LBD,*,,690,2069,p.(His690,Pro),,,v low,low,high,*,v. low transactivation  activity,Female,Normal ,,"Rosa et al. J Clin Endocrinol Metab 87. 4378-4382, 2002.",>C,3184,c.2069A,3184A
94,PAIS,Deletion,4        LBD,,,691,2071,p.(Asp691,del),,,,,,,,,,,"Schwartz et al. Horm Res 41: 117 Abstr 244, 1994",delGAC,3186,c.2071_2073,3186_3188
656,CAIS,Substitut.,4        LBD,*,,691,2072,p.(Asp691,Val),,,,high,,,Epididymis & Vas deferens present - v low transactivation,Female,Normal ,,"Tadokoro et al. Clinical Endocrinology 71: 253-260, 2009",>T,3187,c.3187A,3187A
1082,PAIS,Substitut.,4        LBD,,,691,2073,p.(Asp691,Glu,,,,,,,,,,,"Hughes et al. Semin Reprod Med 30: 432-442, 2012",,3188,c.2073C,3188C
95,CAIS,Deletion,4        LBD,,,693,2077,p.(Asn693,del),,,normal,high,,*,Three nucleotide deletion ,Female,Normal ,,"Batch et al. Hum Mol Genet 1: 497-503, 1992",delAAC,3192,c.2077_2079,"3192
_3194"
704,PAIS,Deletion,4        LBD,,,693,2077,p.(Asn693,del),,,normal,high,,,3 nt deletion. 3 affected siblings . variable phenotype,Female,Normal ,pos,"Boehmer et al. J Clin Endocrinol Metab 86: 4151-4160, 2001",delAAC,3192,c.2077_2079,3192_3194
849,CAIS,Substitut.,4        LBD,,,694,2080,p.(Gln694,*),,,,,,,Diag at 17y- Bilateral gonadectomy 17y,Female,Normal ,,"Cheikhelard et al. J Urol 180: 1496-1501, 2008",>T,3195,c.2080C,3195C
96,CAIS,Substitut.,4        LBD,*,,696,2086,p.(Asp696,His),,,low,,,,,Female,Normal ,neg,"Ris-Stalpers et al. Mol Endocrinol 5: 1562, 1991",>C,3201,c.2086G,3201G
97,CAIS,Substitut.,4        LBD,*,*,696,2086,p.(Asp696,Asn),,,normal,normal,high,,"mutation found in two
unrelated families",Female,Normal ,pos,"Ris-Stalpers et al. Mol Endocrinol 5: 1562, 1991",>A,3201,c.2086G,3201G
98,PAIS,Substitut.,4        LBD,,*,696,2086,p.(Asp696,Asn),,,,,,,de novo mutation,Female,Ambiguous ,,"Hiort et al. J Pediatrics
132: 939- 943, 1998",>A,3201,c.2086G,3201G
657,CAIS,Substitut.,4        LBD,,*,696,2086,p.(Asp696,Asn),,,,,,,Wolffian remnants present,Female,Normal ,,"Hannema et al. J Clin  Endocrinol Metab 89: 5815-5822, 2004",>A,3201,c.2086G,3201G
773,MAIS,Substitut.,4        LBD,,*,696,2086,p.(Asp696,Asn),,,,,,,Male infertility,Male,Normal ,,"Ferlin et al. Clin Endocrinol 65: 606-610, 2006",>A,3201,c.2086G,3201G
977,CAIS,Substitut.,4        LBD,,*,696,2086,p.(Asp696,Asn),,,,,,,Diag at 2 wk bilateral gonadectomy at 14yrs,Female,Normal ,pos,"Cheikhelard et al. J Urol 180: 1496-1501, 2008",>A,3201,c.2086G,3201G
978,CAIS,Substitut.,4        LBD,,*,696,2086,p.(Asp696,Asn),22,17,,,,,"Mother & 1 cousin hetrozyg,  1 cousin & 1 aunt affect, sister wt",Female,Normal ,pos,"Audi et al. J Clin Endocrinol Metab 95: 1876-1888, 2010",>A,3201,c.2086G,3201G
977,CAIS,Substitut.,4        LBD,,,696,2086,p.(Asp696,Tyr),19,18,,,,,Mother heterozygous carrier,Female,Normal ,pos,"Audi et al. J Clin Endocrinol Metab 95: 1876-1888, 2010",>T,3201,c.2086G,3201G
335,CAIS,Substitut.,4        LBD,,,696,2087,p.(Asp696,Val),21,,,,,,mutation found in two siblings,Female,Normal ,pos,"Dork et al. Human Mutation 11: 337-339, 1998",>T,3202,c.2087A,3202A
1053,CAIS,Substitut.,4        LBD,,,698,2094,p.(Phe698,Leu),,,,,,,24 yr. Inguinal cryptorchism,Female,Normal ,,"Ning et al. Urology 80: 216-218, 2012",>G,3209,c.2094T,3209T
447,CAIS,Substitut.,4        LBD,,,701,2101,p.(Leu701,Met),,,zero,,,,Epididymous and Vas deferns present,Female,Normal ,,"Hannema et al. J Clin  Endocrinol Metab 89: 5815-5822, 2004",>A,3216,c.2101T,3216T
725,CAIS,Deletion,4        LBD,,,701,2101,p.(Leu701,fs),,,,,,,"13 nt del causing frameshift. sister & mother carr, neice aff
",Female,Normal ,pos,"Ledig et al. Horm Res 63: 263-269, 2005",del,3216,c.2101_2114,3216_3228
1084,CAIS,Substitut.,4        LBD,,,701,2103,p.(Leu701,Phe,,,,,,,,Female,Normal ,,"Hughes et al. Semin Reprod Med 30: 432-442, 2012",,3218,c.2103G,3218G
448,CAIS,Substitut.,4        LBD,,,702,2094,p.(Leu702,Phe),,,,,,,,Female,Normal ,,"Ahmed et al. J Clin Endocrinol Metab 85: 658-665, 2000",>T,3209,c.2094C,3209C
518,PAIS,Substitut.,4        LBD,,,702,2104,p.(Leu702,Ile),,,,,,,,,,,"Chavez et al. Clin Genet 59: : 185-188, 2001 ",>A,3219,c.2104C,3219C
99,Prostate cancer,Substitut.,4        LBD,,,702,2105,p.(Leu702,His),,,,,,,Somatic mutation,Male,Normal,,"Suzuki et al. J Steroid Biochem Molec Biol 46: 759, 1993",>A,3220,c.2105T,3220T
326,Prostate cancer,Substitut.,4        LBD,,,702,2105,p.(Leu702,His),,,,,,,Somatic mutation,Male,Normal,,"Watanabe et al. Jpn J Clin Oncol 27: 389-393, 1997",>A,3220,c.2105T,3220T
408,"MDA
PCa-Za",Substitut.,4        LBD,,,702,2105,p.(Leu702,His),,,normal,low,,,Som. mut. Prostate cancer cell line. Also has T878A,Male,Normal,,"Zao et al. J of Urology 162: 2192-2199, 1999",>A,3220,c.2105T,3220T
100,CAIS,Substitut.,4        LBD,,,703,2107,p.(Ser703,Ala),,,zero,,,,,Female,Normal ,,"Pinsky et al. Clin Inv Med 15: 456-472, 1992",>G,3222,c.2107T,3222T
101,PAIS,Substitut.,4        LBD,*,,704,2110,p.(Ser704,Gly),,,low,high,,,,Male,Ambiguous ,,"Radnayr et al. J of Urology 158: 1553-1556, 1997",>G,3225,c.2110A,3225A
449,CAIS,Substitut.,4        LBD,*,,704,2110,p.(Ser704,Gly),,,,,,,,Female,Normal ,,"Ahmed et al. J Clin Endocrinol Metab 85: 658-665, 2000",>G,3225,c.2110A,3225A
712,PAIS,Substitut.,4        LBD,,,704,2110,p.(Ser704,Gly),,,,high,,,,Male,Ambiguous ,,"Deeb et al. Clinical Endocrinology 63: 56-62, 2005",>G,3225,c.2110A,3225A
713,PAIS,Substitut.,4        LBD,,,704,2110,p.(Ser704,Gly),,,,,,,,Female,Ambiguous ,,"Deeb et al. Clinical Endocrinology 63: 56-62, 2005",>G,3225,c.2110A,3225A
979,CAIS,Substitut.,4        LBD,,,704,2110,p.(Ser704,Cys),19,18,low,normal,,,"Mother, sister, heterozygote carriers,
I aunt wt",Female,Normal ,pos,"Audi et al. J Clin Endocrinol Metab 95: 1876-1888, 2010",>T,3225,c.2110A,3225A
1085,CAIS,Substitut.,4        LBD,,,704,2110,p.(Ser704,Cys),,,,,,,,Female,Normal ,,"Hughes et al. Semin Reprod Med 30: 432-442, 2012",>T,3225,c.2110A,3225A
1108,CAIS,Substitut.,4        LBD,,,704,2111,p.(Ser704,Ile),,,,,,,Sertoli cell adenoma- persistence of Mullerian derivatives,Female,Normal ,,"Chin et al. J Pediatr Endocrinol Metab 25:1145-1051, 2012",>T,3226,c.2111G,3226G
102,CAIS,Substitut.,4        LBD,,,706,2117,p.(Asn706,Ser),,,zero,,,,,Female,Normal ,,"Pinsky et al. Clin Inv Med 15: 456-472, 1992",>G,3232,c.2117A,3232A
103,CAIS,Substitut.,4        LBD,,,706,2117,p.(Asn706,Ser),,,zero,,,,,Female,Normal ,,"DeBellis et al. Mol Endocrinol 6: 1909-20, 1992",>G,3232,c.2117A,3232A
104,CAIS,Substitut.,4        LBD,,,706,2117,p.(Asn706,Ser),,,"
",,,,"Mutation found in two
unrelated families",Female,Normal ,,"Quigley et al. Endocrine
Reviews 16: 271, 1995",>G,3232,c.2117A,3232A
482,PAIS,Substitut.,4        LBD,,,706,2117,p.(Asn706,Ser),,,normal,high,,,,,,,"Ahmed et al. J Clin Endocrinol Metab 85: 658-665, 2000",>G,3232,c.2117A,3232A
633,CAIS,Substitut.,4        LBD,,,706,2117,p.(Asn706,Ser),,,zero,,,,Testes located in abdomen,Female,Normal ,neg,"Melo et al. J Clin Endorinol & Metab 88: 3241-3250, 2003",>G,3232,c.2117A,3232A
634,CAIS,Substitut.,4        LBD,,,706,2117,p.(Asn706,Ser),22,,zero,,,,Testes located in inguinal region,Female,Normal ,pos,"Melo et al. Arq Bras Endocrinol Metab 49: 87-97, 2005 ",>G,3232,c.2117A,3232A
980,CAIS,Substitut.,4        LBD,,,706,2117,p.(Asn706,Ser),18,18,zero,zero,,,,Female,Normal ,neg,"Audi et al. J Clin Endocrinol Metab 95: 1876-1888, 2010",>G,3232,c.2117A,3232A
981,CAIS,Substitut.,4        LBD,,,706,2117,p.(Asn706,Ser),22,18,,,,,"1 affected sister, 1 heterozygote sister, 2 wt sisters   ",Female,Normal ,pos,"Audi et al. J Clin Endocrinol Metab 95: 1876-1888, 2010",>G,3232,c.2117A,3232A
1086,CAIS,Substitut.,4        LBD,,,706,2117,p.(Asn706,Ser),,,,,,,,Female,Normal ,,"Hughes et al. Semin Reprod Med 30: 432-442, 2012",>G,3232,c.2117A,3232A
559,CAIS,Substitut.,4        LBD,,,706,2116,p.(Asn706,Tyr),,,,,,,Sister a carrier,Female,Normal ,,"Sills et al. Int J Mol Med 9: 45-48, 2002",>T,3231,c.2116A,3231A
581,CAIS,Substitut.,4        LBD,,,706,2117,p.(Asn706,Ile),,,,,,,Reduced immunoreactive AR,Female,Normal ,,"Avila et al. J Clin Endocrinol Metab 87. 182-188, 2002",>T,3232,c.2117A,3232A
582,CAIS,Substitut.,4        LBD,,,706,2117,p.(Asn706,Ile),,,,,,,Low immunoreactive AR,Female,Normal ,,"Avila et al. J Clin Endocrinol Metab 87. 182-188, 2002",>T,3232,c.2117A,3232A
105,CAIS,Substitut.,4        LBD,*,,708,2123,p.(Leu708,Arg),,,,,,,,Female,Normal ,,"Lumbroso et al. J Clin Endo & Metab 81: 1984-1988, 1996",>G,3238,c.2123T,3238T
78,CAIS,Deletion,4        LBD,*,,708,2123,p.(Leu708,fs),,,,,,,13 nt  deletionn (TGGGAGAGACA) causing framshift and stop at codon 784,Female,Normal ,pos,"Lobaccaro et al. Mol & Cellular Endocrinology 111: 21-8,1995",del,3238,c.2123_2135,3238_3250
1087,CAIS,Substitut.,4        LBD,,,709,2125,p.(Gly709,Arg,,,,,,,,Female,Normal ,,"Hughes et al. Semin Reprod Med 30: 432-442, 2012",>A,3240,c.2125G,3240G
106,PAIS,Substitut.,4        LBD,,,709,2126,p.(Gly709,Ala),,,,,,,,Male,Ambiguous ,,"Hiort et al: Hum Mol Genet
3: 1163-1166 1994",>C,3241,c.2126G,3241G
314,PAIS,Substitut.,4        LBD,,,709,2126,p.(Gly709,Ala),,,,,,,Servere hypospadias,Male,Ambiguous ,,"Albers et al. J of Pediatrics 131: 388-392, 1997",>C,3241,c.2126G,3241G
107,PAIS,Substitut.,4        LBD,,,709,2126,p.(Gly709,Val),,,zero,,,,Mother had both mut. & wt. AR genes.,Male,Ambiguous ,pos,"Auchus et al: 77th US     
Endo Soc Meeting,
Abstr P1-508 1995",>T,3241,c.2126G,3241G
1023,CAIS,Substitut.,4        LBD,,,709,2126,p.(Gly709,Glu),,,low,,,,Almost complete loss of transaction,Female,Normal ,,"Rajender et al. J Androl 32: 193-198, 2011",>A,3241,c.2126G,3241G
819,PAIS,Substitut.,4        LBD,*,,710,2128,p.(Glu710,Lys),,,,,,,,Female,Ambiguous ,,"Geoget et al. Mol Endocrinol 20: 724-734, 2006",>A,3243,c.2128G,3243G
577,"Prostate 
cancer",Substitut.,4        LBD,,,710,2130,p.(Glu710,Glu),,,,,,,"Somatic mut. CaP  Moder diff, Stage D1 + biculitamide  treat",Male,Normal ,,"Segawa et al. Int J of Urology  9: 545-553, 2002",>A,3245,c.2130G,3245G
658,CAIS,Substitut.,4        LBD,,,711,2132,p.(Arg711,Thr),,,zero,,,,Sister to 0450 - Epididymis & Vas deferens present,Female,Normal ,pos,"Hannema et al. J Clin  Endocrinol Metab 89: 5815-5822, 2004",>C,3247,c.2132G,3247G
450,CAIS,Substitut.,4        LBD,,,711,2132,p.(Arg711,Thr),,,zero,,,,Sister to 0658- Epidiymis & Vas deferens present,Female,Normal ,pos,"Hannema et al. J Clin  Endocrinol Metab 89: 5815-5822, 2004",>C,3247,c.2132G,3247G
525,PAIS,Substitut.,4        LBD,*,,712,2134,p.(Gln712,Glu),,,v low,,,,altered AR specificity 2x increased affinity for E2. ,Female,Ambiguous ,pos,"Lumbroso et al. 83rd US Endo Soc Meeting, Abstr P2-29, 2001",>G,3249,c.2134C,3249C
535,PAIS,Substitut.,4        LBD,*,,712,2134,p.(Gln712,Glu),,,normal,,,,,Female,Ambiguous ,pos,"Chavez et al. J Hum Genet. 46: 560-565, 2001",>G,3249,c.2134C,3249C
828,CAIS,Deletion,4        LBD,,,712,2135,p.(Gln712,fs),,,,,,,1 nt del-frameshift  & stop in codon 788- 3 affected aunts,Female,Normal ,pos,"Galani et al. Fertility & Sterility 90: 2008.e1-2008.e4, 2008",delA,3250,c.2135,3250
578,"Prostate 
cancer",Substitut.,4        LBD,,,712,2136,p.(Gln712,Gln),,,,,,,"Somatic mut. CaP Moder diff, Stage D2
+  leuprolide treat",Male,Normal ,,"Segawa et al. Int J of Urology  9: 545-553, 2002",>A,3251,c.2136G,3251G
108,PAIS,Substitut.,4        LBD,*,,713,2137,p.(Leu713,Phe),,,normal,high,,,"Phenotypic diversity brother of 505& 506
Testost-induced norm.",Male,Ambiguous ,pos,"Hiort et al. Am J Med Genet. 63: 218-222, 1996",>G,3252,c.2137C,3252C
505,PAIS,Substitut.,4        LBD,*,,713,2137,p.(Leu713,Phe),,,normal,high,,,"Phenotypic diversity brother of 108& 506
Testost-induced norm.",Male,Ambiguous ,pos,"Hiort et al. J Clin Endocrinol Metab 85: 3245-3250, 2000",>G,3252,c.2137C,3252C
506,PAIS,Substitut.,4        LBD,*,,713,2137,p.(Leu713,Phe),,,normal,high,,,"Phenotypic diversity brother of 505& 108
Testost-induced norm.",Male,Ambiguous ,pos,"Hiort et al. J Clin Endocrinol Metab 85: 3245-3250, 2000",>G,3252,c.2137C,3252C
507,PAIS,Substitut.,4        LBD,*,,713,2137,p.(Leu713,Phe),,,normal,high,,,"Phenotypic diversity uncle of 108,505,506
Testost-induced norm.",Male,Ambiguous ,pos,"Hiort et al. J Clin Endocrinol Metab 85: 3245-3250, 2000",>G,3252,c.2137C,3252C
109,"Prostate 
cancer",Substitut.,4        LBD,*,*,716,2146,p.(Val716,Met),,,normal,,,,"Somatic mutation.
Receptor showed a gain in function

",Male,Normal ,,"Culig et al. Mol Endocrinol
7: 1541-1550 1993",>A,3261,c.2146G,3261G
110,"Prostate 
cancer",Substitut.,4        LBD,,*,716,2146,p.(Val716,Met),,,normal,,,,"Somatic mutation.
Receptor showed a gain in function

",Male,Normal ,,"Bubley et al 87th Am Assoc Cancer Res Meet
Abstr. 1680, 1996",>A,3261,c.2146G,3261G
678,CAIS,Substitut.,4        LBD,,*,716,,p.(Val716,*),,,,,,,"bilateral inguinal hernia

",Female,Normal ,,"Bouvattier et al: J Clin Endorinol & Metab 87: 29-32, 2002",,,,
792,PAIS,Substitut.,4        LBD,,,719,2155,p.(Trp719,Arg),,,,,,,Somatic mosaic 2/3 mutant to 1/3 wt,,,,"Mueller et al. Hum Genet 119: 680, 2006",>C,3270,c.2155T,3270T
111,CAIS,Substitut.,4        LBD,,,719,2157,p.(Trp719,*),,,zero,,,,,Female,Normal ,pos,"Sai et al. Am J Hum Genet 46: 1095, 1990",>A,3272,c.2157G,3272G
1088,CAIS,Substitut.,4        LBD,,,719,2157,p.(Trp719,*),,,,,,,,Female,Normal ,,"Hughes et al. Semin Reprod Med 30: 432-442, 2012",>A,3272,c.2157G,3272G
112,"Prostate 
cancer",Substitut.,4        LBD,,,721,2161,p.(Lys721,Glu),,,,,,,Somatic mutation- Bone metastases of Prostate cancer,Male,Normal ,,"Kleinerman et al. J of Urology 155: 624A, 1996",>G,3276,c.2161A,3276A
113,Prostate cancer,Substitut.,4        LBD,,,722,2164,p.(Ala722,Thr),,,,,,,Somatic mutation in 20% of isolates in initial cloning,Male,Normal ,,"Taplin et al. New England J Med 332: 1393-1398, 1995",>A,3279,c.2164G,3279G
583,CAIS,Deletion,4        LBD,,,722,2164,p.(Ala722,fs),,,,,,,1nt frameshift  & stop in codon 767 - no immunoreactive AR,Female,Normal ,,"Avila et al. J Clin Endocrinol Metab 87: 182-188, 2002",delG,3279,c.2164,3279
584,CAIS,Deletion,4        LBD,,,722,2166,p.(Ala722,fs),,,,,,,1 nt frameshift & stop - low immunoreactive AR,Female,Normal ,,"Avila et al. J Clin Endocrinol Metab 87: 182-188, 2002",delC,3281,c.2166,3281
114,CAIS,Substitut.,4        LBD,,,723,2169,p.(Leu723,Phe),,,,,,,,Female,Normal ,,"Hiort et al: Am J Med Genet. 63: 218-222, 1996",>T,3284,c.2169G,3284G
761,Prostate cancer,Substitut.,4        LBD,,,723,2169,p.(Leu723,Phe),,,,,,,patient lower Gleason score than patient -wt AR- som mutation,Male,Normal ,,"Sanchez et al. BJU Int 98: 1320-1325, 2006",>T,3284,c.2169G,3284G
451,CAIS,Substitut.,4        LBD,,,724,2170,p.(Pro724,Ser),,,normal,high,,,-Epidiymis present,Female,Normal ,,"Hannema et al. J Clin  Endocrinol Metab 89: 5815-5822, 2004",>T,3285,c.2170C,3285C
791,PAIS ?,Substitut.,4        LBD,,,724,2171,p.(Pro724,Leu),,,,,,,,,,,"Mueller et al. Hum Genet 119: 681, 2006",>T,3286,c.2171C,3286C
452,CAIS,Substitut.,4        LBD,,,725,2173,p.(Gly725,Ser),,,zero,,,,,Female,Normal ,,"Ahmed et al. J Clin Endocrinol Metab 85: 658-665, 2000",>A,3288,c.2173G,3288G
453,CAIS,Deletion/Insertion,4        LBD,,,725,2174,p.(Gly725,Asp),,,zero,,,,Epididymis & Vas deferens present,Female,Normal ,,"Hannema et al. J Clin  Endocrinol Metab 89: 5815-5822, 2004",delinsAT,3289,c.2174_2175,3289_3290
620,CAIS,Substitut.,4        LBD,,,725,2174,p.(Gly725,Ala),19,,normal,,,,,Female,Normal ,,"MacLean et al. Hum Mutat. 23: 287, 2004",>C,3289,c.2174G,3289G
798,CAIS,Substitut.,4        LBD,*,,725,2174,p.(Gly725,Val),,,zero,,,,Severley impaired AR transactivation,Female,Normal ,,"Jaaskelainen et al. Hum Mutat 27: 291, 2006",>T,3289,c.2174G,3289G
115,CAIS,Deletion,"4-8
LBD",,,,,,,,,zero,,,,,Female,Normal ,,"Brown et al. Proc Natl Acad Sci 85: 8151, 1988",,,,
1107,CAIS,Deletion,"4-8
LBD",,,,,,,,,,,,,,Female,Normal ,,,,,,
116,CAIS,Deletion,5        LBD,,,,,,,,,zero,,,,Affected aunt deleted for exons 6 and 7 only.,Female,Normal ,pos,"Maclean et al. J Clin Invest, 91: 1123, 1993",,,,
117,CAIS,Substitut.,5        LBD,,,,,,,,,zero,,,,p.(Tyr>Arg) substitution,Female,Normal ,,"Marcelli et al. 74th US
Endo Soc Meetings: Abstr. 224, 1992",,,,
118,PAIS,Substitut.,5        LBD,*,,726,2176,p.(Phe726,Leu),,,normal,normal,,,Mutation disrupts N/C terminal interaction,Male,Ambiguous ,pos,"Quigley et al. Mech of Aging & Develop 125: 683-695, 2004",>C,3291,c.2176T,3291T
391,PAIS,Substitut.,5        LBD,,,726,2176,p.(Phe726,Leu),,,,,,,Hypospadia and cryptorchidism,Male,Ambiguous ,pos,"Nordenskjold et al Urological Res, 27: 49-55, 1999",>C,3291,c.2176T,3291T
119,"Prostate
cancer",Substitut.,5        LBD,*,,727,2180,p.(Arg727,Leu),,,normal,normal,,,"Germ line mutation
present in offspring",Male,Normal ,pos,"Elo et al. J Clin Endorinol  Metab, 80: 3494-3500, 1995",>T,3295,c.2180G,3295G
508,"Prostate
cancer",Substitut.,5        LBD,*,,727,2180,p.(Arg727,Leu),,,,,,,Estimated that 2% of Finnish CAP patients have this mutation,Male,Normal ,pos,"Mononen et al. Cancer Res 60: 6479-6481, 2000",>T,3295,c.2180G,3295G
571,Prostate Cancer,Substitut.,5        LBD,,,727,2180,p.(Arg727,Leu),20,,,,,,"Somatic mut  polyGln 24 to 20 Orchiectomy
Horm-refractory CaP",Male,Normal ,,"Hyytinen et al. Lab Invest. 82: 1591-1598, 2002",>T,3295,c.2180G,3295G
687,Normal,Substitut.,5        LBD,,,727,2180,p.(Arg727,Leu),,,,,,,Patient suffereing frm alcoholism,,Normal ,,"Yan et al. Psychiatric Genet 14. 57-60, 2004",>T,3295,c.2180G,3295G
120,MAIS,Substitut.,5        LBD,,,"728
",2184,p.(Asn728,Lys),,,,,,,Oligospermia,Male,Normal ,,"Yong et al. Lancet, 344: 826-827, 1994",>G,3299,c.2184C,3299C
121,PAIS,Substitut.,5        LBD,,,729,2186,p.(Leu729,Ser),,,low,,,*,,,,,"McPhaul et al. J Clin Inv, 90: 2097, 1992",>C,3301,c.2186T,3301T
122,Prostate Cancer,Substitut.,5        LBD,,*,731,2191,p.(Val731,Met),,,,,,,Somatic mutation,Male,Normal ,,"Newmark et al. Proc Natl AcadSci 89: 6319, 1992",>A,3306,c.2191G,3306G
123,Prostate Cancer,Substitut.,5        LBD,,*,731,2191,p.(Val731,Met),,,,,,,Somatic mutation,Male,Normal ,,"Petersiel et al. Int J Cancer 63: 544-550, 1995 ",>A,3306,c.2191G,3306G
762,Prostate Cancer,Substitut.,5        LBD,,*,731,2191,p.(Val731,Met),,,,,,,patient lower Gleason score than patient -wt AR- som mutation,Male,Normal ,,"Sanchez et al. BJU Int 98: 1320-1325, 2006",>A,3306,c.2191G,3306G
125,CAIS,Substitut.,5        LBD,,*,733,2197,p.(Asp733,Tyr),,,,high,,,,Female,Normal ,,"Brown et al. 74th US Endo Soc Meeting, Abstr 1506, 1992",>T,3312,c.2197G,3312G
126,CAIS,Substitut.,5        LBD,,,733,2197,p.(Asp733,Tyr),,,zero,,,,,Female,Normal ,,"Pinsky et al. Clin Inv Med 15: 456, 1992",>T,3312,c.2197G,3312G
127,CAIS,Substitut.,5        LBD,,,733,2197,p.(Asp733,Tyr),,,,,,,,Female,Normal ,,"Ghirri and Brown.
Pediatr Res 33: 
Abstr 95, 1993",>T,3312,c.2197G,3312G
801,CAIS,Substitut.,5        LBD,,,733,2197,p.(Asp733,Tyr),,,,,,,6 affected family members,Female,Normal ,pos,"Scott et al. Endocr Pract 12: 664-669, 2006",>T,3312,c.2197G,3312G
124,CAIS,Substitut.,5        LBD,,,733,2197,p.(Asp733,Asn),,,,high,,,,Female,Normal ,,"Brown et al. 74th US Endo Soc Meeting, Abstr 1506, 1992",>A,3312,c.2197G,3312G
659,CAIS,Substitut.,5        LBD,,,733,2197,p.(Asp733,Asn),,,,,,,Epididymis & Vas deferens present,Female,Normal ,,"Hannema et al. J Clin  Endocrinol Metab 89: 5815-5822, 2004",>A,3312,c.2197G,3312G
310,CAIS,Substitut.,5        LBD,,,733,2197,p.(Asp733,Asn),19,,,,,,,Female,Normal ,,"Ko et al. J  Reprod.
Med 42: 424- 427, 1997",>A,3312,c.2197G,3312G
955,CAIS,Substitut.,5        LBD,,,733,2197,p.(Asp733,Asn),,,,,,,,Female,Normal ,neg,"Wu et al. Fertility & Sterility 93: 2076, e1-4, 2010",>A,3312,c.2197G,3312G
628,Prostate cancer,Substitut.,5        LBD,,,733,2199,p.(Asp733,Asp),,,,,,,"Orch + Bicalutiamide +phosphamide  treat
Gleason 10. Somatic ",Male,Normal ,,"Haapala et al. Lab Invest. 81: 1647-1651, 2001",>T,3314,c.2199C,3314C
752,CAIS,Substitut.,5        LBD,,,734,2200,p.(Gln734,*),,,,,,,No WD development,Female,Normal ,neg,"Barbaro et al. Clin Endocrinol 66: 822-826, 2007",>T,3315,c.2200C,3315C
128,PAIS,Substitut.,5        LBD,,,734,2202,p.(Gln734,His),,,,,,,This patient was a mosaic for wt. & mut. alleles- de novo mut.,Female,Ambiguous ,neg,"Hiort et al. J Pediatrics
132: 939- 943, 1998",>T,3317,c.2202G,3317G
726,CAIS,Substitut.,5        LBD,,,738,2212,p.(Ile738,Phe),,,,,,,,Female,Normal ,neg,"Ledig et al: Horm Res 63: 263-269, 2005",>T,3327,c.2212A,3327A
129,PAIS,Substitut.,5        LBD,*,,738,2213,p.(Ile738,Thr),,,low,,,,Mutation disrupts N/C terminal interaction,Male,Ambiguous ,pos,Quigley et al. Mech Aging & Develop 125: 683-695,>C,3328,c.2213T,3328T
944,CAIS,Substitut.,5        LBD,*,,739,2216,p.(Gln739,Arg),,,,,,,"V reduced transactiv
reduced interaction with FxxLX",Female,Normal ,,"Elfferich et al. Sexual Development 3: 237-244,  2009",>G,3331,c.2216A,3331A
530,CAIS,Substitut.,5        LBD,*,,740,2218,p.(Tyr740,Asp),,,zero,,,,no transactivation in COS-1 cells,Female,Normal ,,"Suzuki et al. Int. J Andrology 24: 183-188, 2001",>G,3333,c.2218T,3333T
616,PAIS,Substitut.,5        LBD,*,,741,2222,p.(Ser741,Cys),,,v low,,,,Acute stress masked  PAIS.,Male,Ambiguous ,pos,"Pitteloud et al. J Clin Endorinol & Metab 89: 1053-1058, 2004",>G,3337,c.2222C,3337C
130,CAIS,Substitut.,5        LBD,*,,742,2224,p.(Trp742,Arg),,,low,,,,,Female,Normal ,neg,"Marcelli et al. J Clin Invest 94: 1642-1650, 1994",>C,3339,c.2224T,3339T
360,"Prostate 
cancer",Substitut.,5        LBD,,,742,2225,p.(Trp742,*),,,,,,,Somatic mutation,Male,Normal ,,"Takahashi et al. Cancer Research 55: 1621-1624, 1995",>A,3340,c.2225G,3340G
595,CAIS,Substitut.,5        LBD,*,,742,2225,p.(Trp742,Leu),,,,,,,Reduced immunoreactive AR,Female,Normal ,,"Avila et al. J Clin Endocrinol Metab 87. 182-188, 2002",>T,3340,c.2225G,3340G
858,CAIS,Substitut.,5        LBD,,,742,2225,p.(Trp742,Leu),,,,,,,Diag at birth bilateral gonadectomy at 14yr,Female,Normal ,pos,"Cheikhelard et al. J Urol 180: 1496-1501, 2008",>T,3340,c.2225G,3340G
859,CAIS,Substitut.,5        LBD,,,742,2225,p.(Trp742,Leu),,,,,,,Diag at birth bilateral gonadectomy at 12.5yr,Female,Normal ,pos,"Cheikhelard et al. J Urol 180: 1496-1501, 2008",>T,3340,c.2225G,3340G
629,"Prostate 
cancer",Substitut.,5        LBD,,,742,2226,p.(Trp742,Cys),,,,,,,Orch + bicalutamide  Gleason 10- somatic mutation,Male,Normal ,,"Haaplaa et al. Lab Invest. 81: 1647-1651, 2001",>T,3341,c.2226G,3341G
635,PAIS,Substitut.,5        LBD,,,742,2226,p.(Trp742,Cys),27,,low,high,,,Testes located in scrotum - Also has p.(Leu548Phe mutation,Male,Ambiguous ,pos,"Melo et al. J Clin Endorinol & Metab 88: 3241-3250, 2003",>C,3341,c.2226G,3341G
552,"Prostate 
cancer",Substitut.,5        LBD,,,742,2226,p.(Trp742,Cys),,,,,,,Treated with bicalutamide - somatic mutation,Male,Normal ,,"Taplin et al. J Clinical Oncology 21: 2673-2678, 2003",>T,3341,c.2226G,3341G
982,CAIS,Substitut.,5        LBD,,,742,2224,p.(Trp742,Arg),23,17,,,,,,Female,Normal ,neg,"Audi et al. J Clin Endocrinol Metab 95: 1876-1888, 2010",>C,3339,c.2224T,3339T
131,PAIS,Substitut.,5        LBD,,,743,2227,p.(Met743,Val),,,,,high,,,,,,"Ris-Stalpers et al. Pediatric Res. 36: 227 -234,1994",>G,3342,c.2227A,3342A
341,PAIS,Substitut.,5        LBD,,,743,2227,p.(Met743,Val),21,,zero,,,,Testis located in inginual region,Female,Ambiguous ,pos,"Melo et al. J Clin Endorinol & Metab 88: 3241-3250, 2003",>G,3342,c.2227A,3342A
744,PAIS,Substitut.,5        LBD,,,743,2227,p.(Met743,Val),,,,,,,affected neice of 0131,Female,Ambiguous ,,"Boehmer et al. J Clin Endocrinol Metab 86: 4151-4160, 2001",>G,3342,c.2227A,3342A
132,PAIS,Substitut.,5        LBD,*,,743,2229,p.(Met743,Ile),,,normal,high,,*,,Female,Ambiguous ,,"Batch et al. Hum Mol Genet 1: 497, 1992",>A,3344,c.2229G,3344G
948,PAIS,Substitut.,5        LBD,,,743,2229,p.(Met743,Ile),,,,,,,,Female,Ambiguous ,,"Nagaraja et al. J Pediatr Endocrinol Metab 22: 1169-1173, 2009",>A,3344,c.2229G,3344G
1006,PAIS,Substitut.,5        LBD,,,743,2229,p.(Met743,Ile),18,18,low,normal,,,Mother heterozygote  carrier,Male,Ambiguous ,pos,"Audi et al. J Clin Endocrinol Metab 95: 1876-1888, 2010",>A,3344,c.2229G,3344G
133,PAIS,Substitut.,5        LBD,*,,744,2229,p.(Gly744,Val),,,low,,high,,Transcription only at high conc of androgen,Female,Ambiguous ,,"Georget et al. J Clin Endocrinol Metab 83: 3597-3603, 1998",>T,3346,c.2231G,3346G
134,PAIS,Substitut.,5        LBD,,,744,2229,p.(Gly744,Val),,,normal,normal,,*,,,,,"Nakao et al. J Clin Endocrinol Metab 77: 103-107, 1993",>T,3346,c.2231G,3346G
414,CAIS,Substitut.,5        LBD,,,744,2229,p.(Gly744,Val),,,zero,,,,de novo mutation,Female,Normal ,,"Lobaccaro et al. J Steroid Biochem & Mol Biol. 44: 211-216, 1993",>T,3346,c.2231G,3346G
536,CAIS,Substitut.,5        LBD,,,744,2229,p.(Gly744,Glu),,,normal,,,,,Female,Normal ,,"Chavez et al. J Hum Genet. 46: 560-56, 2001",>A,3346,c.2231G,3346G
564,CAIS,Substitut.,5        LBD,*,,744,2229,p.(Gly744,Glu),,,v low,high,high,*,,Female,Normal ,,Pujol et al. J Clin Endorinol & Metab. 87: 5793-5800. 2002,>A,3346,c.2231G,3346G
572,"Prostate
cancer",Substitut.,5        LBD,,,744,2232,p.(Gly744,),,,,,,,"Somatic mutation  + estrogen treatment
Horm-refractory CaP",Male,Normal ,,"Hyytinen et al. Lab Invest. 82: 1591-1598, 2002",>C,3347,c.2232G,3347G
361,"Prostate
cancer",Deletion,5        LBD,,,744,2232,p.(Gly744,fs),,,,,,,Frameshift-somatic mut.- separate tumor in same indv. as 0362,Male,Normal ,,"Takahashi et al. Cancer Research 55: 1621-1624, 1995",delG,3347,c.2232,3347
519,CAIS,Substitut.,5        LBD,,,744,2230,p.(Gly744,Arg),,,,,,,,Female,Normal ,,"Chavez et al. Clin Genet 59: : 185-188, 2001 ",>C,3345,c.2230G,3345G
983,CAIS,Substitut.,5        LBD,,,744,2231,p.(Gly744,Val),24,17,,,,,,Female,Normal ,neg,"Audi et al. J Clin Endocrinol Metab 95: 1876-1888, 2010",>T,3346,c.2231G,3346G
135,CAIS,Substitut.,5        LBD,,,745,2233,p.(Leu745,Phe),,,,,,,1 affected sibling,,,pos,"Boehmer et al. J Clin Endocrinol Metab 86: 4151-4160, 2001",>T,3348,c.2233C,3348C
984,CAIS,Substitut.,5        LBD,,,745,2233,p.(Leu745,Phe),21,17,,,,,1 heterozygote sister & 1 wt sister,Female,Normal ,pos,"Audi et al. J Clin Endocrinol Metab 95: 1876-1888, 2010",>T,3348,c.2233C,3348C
362,Prostate cancer,Substitut.,5        LBD,,,745,2233,p.(Leu745,Phe),,,,,,,Somatic mutation - separate tumor in same indv. as 0361,Male,Normal ,,"Takahashi et al. Cancer Research 55: 1621-1624, 1995",>T,3348,c.2237T,3348C
136,PAIS,Substitut.,5        LBD,,,746,2237,p.(Met746,Thr),,,zero,,,,,,,,"Ris-Stalpers et al. Pediatric Res 36: 227-234, 1994",>C,3352,c.2237T,3352T
727,CAIS,Substitut.,5        LBD,,,746,2237,p.(Met746,Thr),,,,,,,Mother and sisters heterozygotous,Female,Normal ,pos,"Ledig et al: Horm Res 63: 263-269, 2005",>C,3352,c.2237T,3352T
755,CAIS,Substitut.,5        LBD,*,,746,2238,p.(Met746,Ile),,,,,,,Enanced affinity for & increased transact for estradiol,Female,Normal ,,"Bonagura et al. Mol Cell Endocrinol 263: 79-89, 2007",>C,3353,c.2238G,3353G
1007,PAIS,Substitut.,5        LBD,,,746,2236,p.(Met746,Leu),23,17,,,,,mother & grandmother heterozyote carriers,Male,Ambiguous ,pos,"Audi et al. J Clin Endocrinol Metab 95: 1876-1888, 2010",>C,3351,c.2236A,3351A
138,PAIS,Substitut.,5        LBD,,,747,2239,p.(Val747,Met),,,,,,,,Male,Ambiguous ,,"Hiort et al. Am J Med Genet. 63: 218-222, 1996",>A,3354,c.2239G,3354G
137,PAIS,Substitut.,5        LBD,,,747,2239,p.(Val747,Met),,,,,,,,,,,"Brown et al. 74th US Endo Soc Meeting, Abstr 1506, 1992",>A,3354,c.2239G,3354G
949,PAIS,Substitut.,5        LBD,,,747,2239,p.(Val747,Met),,,,,,,,,,,"Nagaraja et al. J Pediatr Endocrinol Metab 22: 1169-1173, 2009",>A,3354,c.2239G,3354G
785,MAIS,Substitut.,5        LBD,,,748,2242,p.(Phe748,Ile),,,,,,,Male Infertility,Male,Normal ,,"Ferlin et al. Clin Endocrinol 65: 606-610, 2006",>A,3357,c.2242T,3357T
985,CAIS,Substitut.,5        LBD,,,748,2243,p.(Phe748,Cys),23,17,,,,,1 wt sister,Female,Normal ,neg,"Audi et al. J Clin Endocrinol Metab 95: 1876-1888, 2010",>G,3358,c.2243T,3358T
763,"Prostate
cancer",Deletion,5        LBD,,,748,2244,p.(Phe748,fs),,,,,,,patient lower Gleason score than patient -wt AR- som mutation,Male,Normal ,,"Sanchez et al. BJU Int 98: 1320-1325, 2006",delT,3359,c.2244,3359
492,"Prostate
cancer",Substitut.,5        LBD,,,749,2245,p.(Ala749,Thr),,,,,,,"Also p.(S866P; Q868* and Q920R).
Somatic mutations",Male,Normal ,,"Marcelli et al. Cancer Research 60: 944-949, 2000",>A,3360,c.2245G,3360G
565,"Prostate
cancer",Substitut.,5        LBD,*,,749,2245,p.(Ala749,Thr),,,normal,,high,,Somatic mutation. weaker interaction with HSP,Male,Normal ,,"James et al. Mol Endocrinol. 16: 2692-2705, 2002",>A,3360,c.2245G,3360G
139,PAIS,Substitut.,5        LBD,*,,749,2246,p.(Ala749,Asp),,,low,,high,,Abnormal dissociation,,,,"Marcelli et al. J Clin Invest 94: 1642-1650, 1994",>A,3361,c.2246C,3361C
363,"Prostate
cancer",Substitut.,5        LBD,,,749,2246,p.(Ala749,Val),,,,,,,Somatic mutation,Male,Normal ,,"Takahashi et al. Cancer Research 55: 1621-1624, 1995",>T,3361,c.2246C,3361C
140,CAIS,Substitut.,5        LBD,,,750,2248,p.(Met750,Val),,,,,,,,Female,Normal ,pos,"DeBellis et al. Mol Endocrinol 6: 1909-20, 1992",>G,3363,c.2248A,3363A
141,CAIS,Substitut.,5        LBD,,,750,2248,p.(Met750,Val),,,,,,,,Female,Normal ,pos,"Jakubiczka et al. Hum Genet 90: 311-2, 1992",>G,3363,c.2248A,3363A
483,PAIS,Substitut.,5        LBD,,,750,2248,p.(Met750,Val,,,normal,high,,,,,,,"Ahmed et al. J Clin Endocrinol Metab 85: 658-665, 2000",>G),3363,c.2248A,3363A
614,CAIS,Substitut.,5        LBD,,,750,2248,p.(Met750,Val),,,,,,,Fallopian tube present,Female,Normal ,,"Van et al. Eur J. Pediatr. 162: 781-784, 2003",>G,3363,c.2248A,3363A
679,CAIS,Substitut.,5        LBD,,,750,2248,p.(Met750,Val),,,,,,,bilateral inguinal hernia,Female,Normal ,,"Bouvattier et al: J Clin Endorinol & Metab 87: 29-32, 2002",>G,3363,c.2248A,3363A
680,CAIS,Substitut.,5        LBD,,,750,2248,p.(Met750,Val),,,,,,,Diff between ext genital & chrom - in  amniocentesis,Female,Normal ,,"Bouvattier et al: J Clin Endorinol & Metab 87: 29-32, 2002",>G,3363,c.2248A,3363A
364,Prostate cancer,Substitut.,5        LBD,,,750,2250,p.(Met750,Ile),,,,,,,Somatic mutation,Male,Normal ,,"Takahashi et al. Cancer Research 55: 1621-1624, 1995",>A,3365,c.2250G,3365G
630,Prostate cancer,Substitut.,5        LBD,,,750,2250,p.(Met750,Ile),,,,,,,Orch + bicalutamide  Gleason 10 +silent mut Q868Q(G>A),Male,Normal ,,"Haaplaa et al. Lab Invest. 81: 1647-1651, 2001",>A,3365,c.2250G,3365G
365,Prostate cancer,Substitut.,5        LBD,,,751,2251,p.(Gly751,Ser),,,,,,,Somatic mutation,Male,Normal ,,"Takahashi et al. Cancer Research 55: 1621-1624, 1995",>A,3366,c.2251G,3366G
142,CAIS,Substitut.,5        LBD,*,,751,2252,p.(Gly751,Asp),,,v low,,,,Mutation found in two unrelated patients,Female,Normal ,,"Bevan et al. J Steroid Biochem Mole Biol 61: 19-26, 1997",>A,3367,c.2252G,3367G
143,CAIS,Substitut.,5        LBD,,,751,2252,p.(Gly751,Asp),,,,,,,,Female,Normal ,,"Brown et al: 74th US
Endo Soc Meeting
Abstr 1506, 1992",>A,3367,c.2252G,3367G
144,CAIS,Substitut.,5        LBD,,,752,2254,p.(Trp752,Arg),,,low,high,,,Sibling of 0703,Female,Normal ,pos,"Brinkmann et al. J 
Steroid Biochem Mol 
Biol 53: 443, 1995",>A,3369,c.2254T,3369T
366,Prostate cancer,Substitut.,5        LBD,,,752,2255,p.(Trp752,*),,,,,,,Somatic mutation,Male,Normal ,,"Takahashi et al. Cancer Research 55: 1621-1624, 1995",>A,3370,c.2255G,3370G
367,Prostate cancer,Substitut.,5        LBD,,,752,2255,p.(Trp752,*),,,,,,,Somatic mutation,Male,Normal ,,"Takahashi et al. Cancer Research 55: 1621-1624, 1995",>A,3370,c.2255G,3370G
368,Prostate cancer,Substitut.,5        LBD,,,752,2256,p.(Trp752,*),,,,,,,Somatic mutation,Male,Normal ,,"Takahashi et al. Cancer Research 55: 1621-1624, 1995",>A,3371,c.2256G,3371G
401,CAIS,Substitut.,5        LBD,,,752,2256,p.(Trp752,*),,,zero,,,,,Female,Normal ,,"Yaegashi et al. Tohoku J of Exp Med 187: 263-272, 1999",>A,3371,c.2256G,3371G
664,PAIS,Substitut.,5        LBD,,,752,2256,p.(Trp752,*),,,,,,,Somatic mosaicism -male changed to female at 18mths,Female,Ambiguous ,,"Kohler et al. J Clin Endocrinol Metab 90: 106-111, 2005",>A,3371,c.2256G,3371G
703,CAIS,Substitut.,5        LBD,,,752,2254,p.(Trp752,Arg),,,normal,high,,,Sibling of 0144,Female,Normal ,,"Boehmer et al. J Clin Endocrinol Metab 86: 4151-4160, 2001",>A,3369,c.2254T,3369T
1089,CAIS,Substitut.,5        LBD,,*,753,2257,p.(Arg753,*),,,,,,,,Female,Normal ,,"Hughes et al. Semin Reprod Med 30: 432-442, 2012",>T,3372,c.2257C,3372C
145,CAIS,Substitut.,5        LBD,,*,753,2257,p.(Arg753,*),,,zero,,,,,Female,Normal ,,"Pinsky et al. Clin Inv Med 15: 456, 1992",>T,3372,c.2257C,3372C
146,CAIS,Substitut.,5        LBD,,*,753,2257,p.(Arg753,*),,,,,,,,Female,Normal ,,"Brinkmann et al. J
Steroid Biochem Mol
Biol 53: 443, 1995",>T,3372,c.2257C,3372C
342,CAIS,Substitut.,5        LBD,,*,753,2257,p.(Arg753,*),16,,zero,,,,Testes located in abdomen,Female,Normal ,pos,"Melo et al. J Clin Endorinol & Metab 88: 3241-3250, 2003",>T,3372,c.2257C,3372C
402,CAIS,Substitut.,5        LBD,,*,753,2257,p.(Arg753,*),,,zero,,,,,Female,Normal ,,"Yaegashi et al. Tohoku J of Exp Med 187: 263-272, 1999",>T,3372,c.2257C,3372C
728,CAIS,Substitut.,5        LBD,,*,753,2257,p.(Arg753,*),,,,,,,,Female,Normal ,neg,"Ledig et al: Horm Res 63: 263-269, 2005",>T,3372,c.2257C,3372C
754,CAIS,Substitut.,5        LBD,,*,753,2258,p.(Arg753,Gln),,,,,,,"Inherted from maternal grandmother
present in two sisters",Female,Normal ,pos,"Olafsson et al. Laeknabladid 86: 263-166, 2000",>A,3373,c.2258G,3373G
147,CAIS,Substitut.,5        LBD,,*,753,2258,p.(Arg753,Gln),,,zero,,,,Mutation found in two unrel. families.  Equivalent to tfm rat,Female,Normal ,,"Brown et al. 74th US Endo Soc Meeting, Abstr 1506, 1992",>A,3373,c.2258G,3373G
333,CAIS,Substitut.,5        LBD,,*,753,2258,p.(Arg753,Gln),,,,,,,,Female,Normal ,pos,"Komori et al. Arch Gynecol & Obstetrics 261: 95-100, 1998",>A,3373,c.2258G,3373G
349,CAIS,Substitut.,5        LBD,,*,753,2258,p.(Arg753,Gln),,,,,,,,Female,Normal ,,"Cabral et al. Brazilian J Med & Biol Res. 31: 775-758, 1998",>A,3373,c.2258G,3373G
148,CAIS,Substitut.,5        LBD,,*,753,2258,p.(Arg753,Gln),,,zero,,,,Equivalent to tfm rat,Female,Normal ,,"Evans. J Endocrinol 135 Suppl, Abstr P26, 1992",>A,3373,c.2258G,3373G
497,CAIS,Substitut.,5        LBD,,*,753,2258,p.(Arg753,Gln),,,,,,,Bilateral testicular tumors,Female,Normal ,,"Sakai et al. IntJ of Urology 7: 390-392, 2000",>A,3373,c.2258G,3373G
860,CAIS,Substitut.,5        LBD,,*,753,2258,p.(Arg753,Gln),,,,,,,Prenatal diagnosis ,Female,Normal ,,"Cheikhelard et al. J Urol 180: 1496-1501, 2008",>A,3373,c.2258G,3373G
1090,CAIS,Substitut.,5        LBD,,*,753,2258,p.(Arg753,Gln),,,,,,,,Female,Normal ,,"Hughes et al. Semin Reprod Med 30: 432-442, 2012",>A,3373,c.2258G,3373G
1091,CAIS,Substitut.,5        LBD,,*,753,2258,p.(Arg753,Pro),,,,,,, ,Female,Normal ,,"Hughes et al. Semin Reprod Med 30: 432-442, 2012",>C,3373,c.2258G,3373G
149,CAIS,Substitut.,5        LBD,,,755,2263,p.(Phe755,Val),,,zero,,,,,Female,Normal ,,"Lobaccaro et al. Hum Mol Genet 2: 1041-1043, 1993",>G,3378,c.2263T,3378T
369,"Prostate
cancer",Substitut.,5        LBD,,,755,2263,p.(Phe755,Leu),,,,,,,Somatic mutation,Male,Normal ,,"Takahashi et al. Cancer Research 55: 1621-1624, 1995",>C,3378,c.2263T,3378T
879,CAIS,Substitut.,5        LBD,*,,755,2263,p.(Phe755,Val),,,,high,,, Greatly reduced transactivation  5%,Female,Normal ,,"Tadokoro et al. Clinical Endocrinology 71: 253-260, 2009",>G,3378,c.2263T,3378T
150,CAIS,Substitut.,5        LBD,,,755,2263,p.(Phe755,Val),,,,,,,,Female,Normal ,,"Hiort et al. Am J  Med Genet. 63: 218-222, 1996",>G,3378,c.2263T,3378T
880,PAIS,Substitut.,5        LBD,*,,755,2264,p.(Phe755,Ser),,,,normal,,,Microphallus no hypospadias,Male,Ambiguous ,,"Tadokoro et al. Clinical Endocrinology 71: 253-260, 2009",>C,3379,c.2264T,3379T
1050,MAIS,Substitut.,5        LBD,*,,755,2264,p.(Phe755,Ser),,,,,,,Azoospermia. Fertile - intracytoplasmic sperm injection ,Male,Normal ,,"Massin et al. Clin Endorinol (Oxf) 77:593-598, 2012",>C,3379,c.2264T,3379T
715,PAIS,Substitut.,5        LBD,*,,755,2265,p.(Phe755,Leu),,,,high,,,"Microphallus, hypospadias,cryptorchisms",Male,Ambiguous ,,"Deeb et al. Clinical Endocrinology 63: 56-62, 2005",>A,3380,c.2265C,3380C
152,PAIS,Substitut.,5        LBD,*,,755,2265,p.(Phe755,Leu),,,normal,high,,*,,Male,Ambiguous ,,"Weidemann et al. Clin
Endocrinology 45: 733 -739, 1996",>A,3380,c.2265C,3380C
151,PAIS,Substitut.,5        LBD,,,755,2265,p.(Phe755,Leu),,,,,,,,Male,Ambiguous ,,"Hiort et al: Hum Mol Genet
3: 1163-1166 1994",>A,3380,c.2265C,3380C
714,PAIS,Substitut.,5        LBD,,,755,2265,p.(Phe755,Leu),,,,high,,*,,Male,Ambiguous ,,"Deeb et al. Clinical Endocrinology 63: 56-62, 2005",>A,3380,c.2265C,3380C
370,Prostate cancer,Substitut.,5        LBD,,,756,2266,p.(Thr756,Ala),,,,,,,Somatic mutation,Male,Normal ,,"Takahashi et al. Cancer Research 55: 1621-1624, 1995",>G,3381,c.2266A,3381A
602,Prostate cancer,Substitut.,5        LBD,,,757,2269,p.(Asn757,Asp),,,,,,,Flutamide treated - somatic mutation,Male,Normal ,,"Taplin et al. J Clinical Oncology 21: 2673-2678, 2003",>G,3384,c.2269A,3384A
153,PAIS,Substitut.,5        LBD,,,757,2270,p.(Asn757,Ser),,,,,,,,Male,Ambiguous ,,"Hiort et al. Am J Med Genet. 63: 218-222, 1996",>G,3385,c.2270A,3385A
532,MAIS,Substitut.,5        LBD,*,,757,2270,p.(Asn757,Ser),,,,high,,,Severe oligospermia- transactivation 38% of wt.,Male,Normal ,,"Giwercman et al. Clin Endocrinol 54: 827-834, 2001",>G,3385,c.2270A,3385A
1039,PAIS,Substitut.,5        LBD,,,757,2270,p.(Asn757,Ser),,,,,,,External Masculisation Score = 12,Male,Ambiguous ,pos,"Hellmann et al. Arch Dis Child 97:403-409, 2012",>G,3385,c.2270A,3385A
1040,PAIS,Substitut.,5        LBD,,,757,2270,p.(Asn757,Ser),,,,,,,External Masculisation Score = 12,Male,Ambiguous ,pos,"Hellmann et al. Arch Dis Child 97:403-409, 2012",>G,3385,c.2270A,3385A
573,"Prostate
cancer",Substitut.,5        LBD,,,758,2272,p.(Val758,Ile),,,,,,,Somatic mutation + Orchiectomy     Horm-refractor y CaP,Male,Normal ,,"Hyytinen et al. Lab Invest. 82: 1591-1598, 2002",>A,3387,c.2272G,3387G
300,"Prostate
cancer",Substitut.,5        LBD,*,,758,2273,p.(Val758,Ala),,,,,,,"Binds R1881 norm.-
transcriptionally inactive- Som mut",Male,Normal ,,"James et al. 79th US Endo Soc Meeting, Abstr P2-484, 1997",>C,3388,c.2273T,3388T
493,"Prostate
cancer",Substitut.,5        LBD,,,758,2273,p.(Val758,Ala),,,,,,,Somatic mutation,Male,Normal ,,"Marcelli et al. Cancer Research 60: 944-949, 2000",>C,3388,c.2273T,3388T
346,PAIS,Substitut.,5        LBD,*,,759,2276,p.(Asn759,Thr),,,normal,,high,*,"50% reduction in 
transactivation in COS-7",,,,"Yong et al. Mol & Cell Endocrinol. 137: 41-50, 1998",>C,3391,c.2276A,3391A
371,"Prostate
cancer",Substitut.,5        LBD,,,760,2278,p.(Ser760,Pro),,,,,,,Somatic mutation,Male,Normal ,,"Takahashi et al. Cancer Research 55: 1621-1624, 1995",>C,3393,c.2278T,3393T
154,CAIS,Substitut.,5        LBD,,,760,2279,p.(Ser760,Phe),,,zero,,,,,Female,Normal ,,"DeBellis et al. Mol Endocrinol, 6: 1909-20, 1992",>T,3394,c.2279C,3394C
1092,CAIS,Substitut.,5        LBD,,,760,2279,p.(Ser760,Tyr),,,,,,,,Female,Normal ,,"Hughes et al. Semin Reprod Med 30: 432-442, 2012",>A,3394,c.2279C,3394C
605,CAIS,"Deletion/
insertion",5        LBD,,,761,,p.(Arg761,fs),,,zero,,,,"also 3396_3402del7 & 3408_3418ins11
stop 9 codon downstr. ",Female,Normal ,pos,"Vichlis et al. J Hum Genet 48: 346-351, 2003",,,,
841,PAIS,Substitut.,5        LBD,,,761,,p.(Arg761,Ser),,,,,,,,,,,"Jeske et al. J Pediatr Endocrinol Metab 20: 893-908, 2007",,,,
938,"Prostate
cancer",Substitut.,5        LBD,,,761,,p.(Arg761,),,,,,,,Silent mut. Treated with anti-androgens. Occurred in >2 cases,Male,Normal ,,"Steinkamp et al. Cancer Res 69: 4434-4442, 2009",,,,
729,PAIS,Substitut.,5        LBD,,,762,2285,p.(Met762,Thr),,,,,,,mother heterozygous,Male,Ambiguous ,pos,"Ledig et al: Horm Res 63: 263-269, 2005",>C,3400,c.2285T,3400T
155,CAIS,Substitut.,5        LBD,,,763,2287,p.(Leu763,Phe),,,zero,,,,,Female,Normal ,,"Brown et al. 74th US Endo Soc Meeting, Abstr 1506, 1992",>T,3402,c.2287C,3402C
156,CAIS,Substitut.,5        LBD,*,,763,2287,p.(Leu763,Phe),,,zero,,,,,Female,Normal ,,"Bevan et al. J Steroid Biochem Mole Biol 61: 19-26, 1997",>T,3402,c.2287C,3402C
861,CAIS,Substitut.,5        LBD,,,763,2287,p.(Leu763,Phe),,,,,,,Diag at 7yr bilateral gonadectomy at 8yrs,Female,Normal ,pos,"Cheikhelard et al. J Urol 180: 1496-1501, 2008",>T,3402,c.2287C,3402C
862,CAIS,Substitut.,5        LBD,,,763,2287,p.(Leu763,Phe),,,,,,,Diagnosed at 1 wk,Female,Normal ,pos,"Cheikhelard et al. J Urol 180: 1496-1501, 2008",>T,3402,c.2287C,3402C
157,CAIS,Substitut.,5        LBD,,,764,2290,p.(Tyr764,His),,,,,,,,Female,Normal ,,"Quigley et al. Endocrin.
Reviews, 16: 271, 1995",>C,3405,c.2290T,3405T
159,PAIS,Substitut.,5        LBD,,,764,2291,p.(Tyr764,Cys),,,low,"
",,,"
",Male,Ambiguous ,,"Morono et al. Human Mutation 6: 152-162, 1995",>G,3406,c.2291A,3406A
405,PAIS,Substitut.,5        LBD,,,764,2291,p.(Tyr764,Cys),,,,"
",,,"
",Male,Ambiguous ,,"Batch et al. Arch Disease  Child 68: 453, 1993",>G,3406,c.2291A,3406A
484,PAIS,Substitut.,5        LBD,,,764,2291,p.(Tyr764,Cys),,,normal,high,,,"
 ",,,,"Ahmed et al. J Clin Endocrinol Metab 85: 658-665, 2000",>G,3406,c.2291A,3406A
485,PAIS,Substitut.,5        LBD,,,764,2291,p.(Tyr764,Cys),,,normal,high,,,"
 ",,,,"Ahmed et al. J Clin Endocrinol Metab 85: 658-665, 2000",>G,3406,c.2291A,3406A
636,PAIS,Substitut.,5        LBD,,,764,2291,p.(Tyr764,Cys),22,,low,,,,"Gynocomastia -testis located in scrotum
 ",Male,Ambiguous ,neg,"Melo et al. J Clin Endorinol & Metab 88: 3241-3250, 2003",>G,3406,c.2291A,3406A
372,"Prostate
Cancer",Substitut.,5        LBD,,,764,2291,p.(Tyr764,Cys),,,,,,,"Somatic mutation
 ",Male,Normal ,,"Takahashi et al. Cancer Research 55: 1621-1624, 1995",>G,3406,c.2291A,3406A
158,PAIS,Substitut.,5        LBD,*,,764,2291,p.(Tyr764,Cys),12,,normal,high,,*,"PolyGln tract short     ( only 12 repeats)
 ",Male,Ambiguous ,pos,"McPhaul et al.J Clin Inv
87: 1413,1991: Batch&al Arc Dis Ch 68: 453 1993",>G,3406,c.2291A,3406A
850,CAIS,Substitut.,5        LBD,,,764,,p.(Tyr764,*),,,,,,,Diag at 1 wk-Bilateral gonadectomy at 3wks,Female,Normal ,,"Cheikhelard et al. J Urol 180: 1496-1501, 2008",,,,
160,CAIS,Substitut.,5        LBD,*,,765,,p.(Phe765,Leu),,,low,,high,,,Female,Normal ,neg,"Marcelli et al. J Clin Invest 94: 1642-1650, 1994",,,,
161,CAIS,Substitut.,5        LBD,,,765,2293,p.(Phe765,Leu),,,zero,,,,,Female,Normal ,,"Ris-Stalpers et  al: Pediatric Res,36. 227-234, 1994",>C,3408,c.2293T,3408T
162,CAIS,Substitut.,5        LBD,,,765,2295,p.(Phe765,Leu),,,low,normal,,,,Female,Normal ,,"Pinsky et al. Clin Inv Med, 15: 456, 1992",>G,3410,c.2295C,3410C
163,CAIS,Substitut.,5        LBD,*,*,766,2296,p.(Ala766,Thr),,,zero,,,,,Female,Normal ,,"Bevan et al. J Steroid Biochem Mole Biol 61: 19-26, 1997",>A,3411,c.2296G,3411G
164,CAIS,Substitut.,5        LBD,,*,766,2296,p.(Ala766,Thr),,,zero,,,,,Female,Normal ,,"Merkabi et al.75th US
Endo Soc Meeting
Abstr 602, 1993",>A,3411,c.2296G,3411G
165,CAIS,Substitut.,5        LBD,,*,766,2296,p.(Ala766,Thr),,,,,,,,Female,Normal ,,"Sweet et al. Fertil
Sterilty 58: 703, 1992",>A,3411,c.2296G,3411G
166,CAIS,Substitut.,5        LBD,,*,766,2296,p.(Ala766,Thr),,,zero,,,,,Female,Normal ,,"Hiort et al. Am J Med Genet. 63: 218-222, 1996",>A,3411,c.2296G,3411G
311,CAIS,Substitut.,5        LBD,,*,766,2296,p.(Ala766,Thr),27,,,,,,,Female,Normal ,,"Ko et al. J  Reprod.
Med 42: 424- 427, 1997",>A,3411,c.2296G,3411G
382,CAIS,Substitut.,5        LBD,,*,766,2296,p.(Ala766,Thr),,,,,,,,Female,Normal ,,"Giwercman et al. Human Genetics 103: 529-531, 1998",>A,3411,c.2296G,3411G
454,CAIS,Substitut.,5        LBD,,*,766,2296,p.(Ala766,Thr),,,,,,,,Female,Normal ,,"Ahmed et al. J Clin Endocrinol Metab 85: 658-665, 2000",>A,3411,c.2296G,3411G
455,CAIS,Substitut.,5        LBD,,*,766,2296,p.(Ala766,Thr),,,,,,,,Female,Normal ,,"Ahmed et al. J Clin Endocrinol Metab 85: 658-665, 2000",>A,3411,c.2296G,3411G
456,CAIS,Substitut.,5        LBD,,*,766,2296,p.(Ala766,Thr),,,,,,,Woolfian remnants present,Female,Normal ,,"Hannema et al. J Clin  Endocrinol Metab 89: 5815-5822, 2004",>A,3411,c.2296G,3411G
585,CAIS,Substitut.,5        LBD,,,766,2296,p.(Ala766,Thr),,,,,,,Reduced immunoreactive AR,Female,Normal ,,"Avila et al. J Clin Endocrinol Metab 87. 182-188, 2002",>A,3411,c.2296G,3411G
586,PAIS,Substitut.,5        LBD,,,766,2296,p.(Ala766,Thr),,,,,,,Reduced immunoreactive AR,Female,Ambiguous ,,"Avila et al. J Clin Endocrinol Metab 87. 182-188, 2002",>A,3411,c.2296G,3411G
730,CAIS,Substitut.,5        LBD,,,766,2296,p.(Ala766,Thr),,,,,,,,Female,Normal ,neg,"Ledig et al: Horm Res 63: 263-269, 2005",>A,3411,c.2296G,3411G
520,PAIS,Substitut.,5        LBD,,,766,2296,p.(Ala766,Ser),,,,,,,,,,,"Chavez et al. Clin Genet 59: 185-188, 2001 ",>T,3411,c.2296G,3411G
167,CAIS,Substitut.,5        LBD,,,766,2297,p.(Ala766,Val),20,,zero,,,,,Female,Normal ,,"Pinsky et al, Clin Inv Med, 15: 456-472, 1992",>T,3412,c.2297C,3412C
168,CAIS,Substitut.,5        LBD,*,,767,2299,p.(Pro767,Ser),,,low,high,high,,,Female,Normal ,pos,Marcelli et al. J Clin Invest  94: 1642-1650. 1994,>T,3414,c.2299C,3414C
457,CAIS,Substitut.,5        LBD,,,767,2299,p.(Pro767,Ser),,,,,,,,Female,Normal ,,"Ahmed et al. J Clin Endocrinol Metab 85: 658-665, 2000",>T,3414,c.2299C,3414C
681,CAIS,Substitut.,5        LBD,,,767,2299,p.(Pro767,Ala),,,,,,, bilateral inguinal hernia,Female,Normal ,,"Bouvattier et al. J Clin Endocrinol Metab  87: 29-32, 2002",>G,3414,c.2299C,3414C
543,CAIS,Substitut.,5        LBD,,,767,2299,p.(Pro767,Ala),,,normal,high,,,2 affcted siblings  variable phenotype,Female,Normal ,pos,"Boehmer et al. J Clin Endocrinol Metab 86: 4151-4160, 2001",>G,3414,c.2299C,3414C
611,CAIS,Substitut.,5        LBD,,,767,2299,p.(Pro767,Ala),,,,,,,Twin sisters,Female,Normal ,pos,"Correa et al. 16th Meet. Latin Amer.Soc Ped Endo. Abstr: 26, 2003",>G,3414,c.2299C,3414C
587,CAIS,Deletion,5        LBD,,,767,2300,p.(Pro767,fs),,,,,,,"1 nt del.-frameshift & stop, low immunoreact AR",Female,Normal ,,"Avila et al. J Clin Endocrinol Metab 87: 182-188, 2002",delC,3415,c.2300,3415
169,CAIS,Deletion,5        LBD,,,767,2301,p.(Pro767,fs),,,,,,,Single nt deletion causing frameshift &  stop in codon 808,Female,Normal ,pos,"Baldazzi et al. Hum Mol Genet
3: 1169-1170, 1994",delT,3416,c.2301,3416
388,CAIS,Deletion,5        LBD,,,767,2301,p.(Pro767,fs),,,,,,,Single nt deletion causing frameshift &  stop in codon 808,Female,Normal ,,"Chung et al. Molecules & Cells 8: 741-745, 1998",delT,3416,c.2301,3416
458,CAIS,Deletion,5        LBD,,,767,2301,p.(Pro767,fs),,,,,,,"1nt del-frameshit &  stop in codon 808
Wolffian remnants",Female,Normal ,,"Hannema et al. J Clin  Endocrinol Metab 89: 5815-5822, 2004",delT,3416,c.2301,3416
459,CAIS,Deletion,5        LBD,,,767,2301,p.(Pro767,fs),,,,,,,"1nt del-frameshit &  stop in codon 808
Wolffian remnants",Female,Normal ,,"Hannema et al. J Clin  Endocrinol Metab 89: 5815-5822, 2004",delT,3416,c.2301,3416
561,CAIS,Deletion,5        LBD,,,767,2301,p.(Pro767,fs),,,,,,,"1nt del frame shift &  stop in codon 808    
in 2 unrelat individs",Female,Normal ,,"Soriano Guillén et al. An Esp Pediatr 56: 347-352, 2002",delT,3416,c.2301,3416
588,CAIS,Deletion,5        LBD,,,767,2301,p.(Pro767,fs),,,,,,,1 nt del framshift & stop codon 808  no immunoreact AR,Female,Normal ,,"Avila et al. J Clin Endocrinol Metab 87. 182-188, 2002",delT,3416,c.2301,3416
853,CAIS,Deletion,5        LBD,,,767,2301,p.(Pro767,fs),,,,,,,"1nt del framshift &  stop in codon 808 Diag - 7yr Wolff rem 
",Female,Normal ,,"Cheikhelard et al. J Urol 180: 1496-1501, 2008",delT,3416,c.2301,3416
953,CAIS,Deletion,5        LBD,,,767,2301,p.(Pro767,fs),,,,,,,"1nt del framshift &  stop in codon 808 Male gender identity
",Female,Normal ,,"T'Sjoen et al. Arch Sex Behav 40: 655-638, 2011",delT,3416,c.2301,3416
665,PAIS,Substitut.,5        LBD,,,767,2299,p.(Pro767,Ser),,,,,,,Somatic mosaicism,Female,Ambiguous ,,"Kohler et al. J Clin Endocrinol Metab 90: 106-111, 2005",>T,3414,c.2299C,3414C
170,CAIS,Substitut.,5        LBD,,,768,2304,p.(Asp768,Glu),,,v low,,,,,Female,Normal ,,"Lobaccaro et al. Pediatr
Res 33: Abstr. 115, 
1993",>G,3419,c.2304T,3419T
343,CAIS,Substitut.,5        LBD,,,768,2304,p.(Asp768,Glu),,,,,,,,Female,Normal ,,"Melo et al. 80th US Endo Soc Meeting
Abstr P2-44, 1998",>G,3419,c.2304T,3419T
893,CAIS,Substitut.,5        LBD,,,768,2302,p.(Asp768,Tyr),,,,,,,Bone size intermediate between male and female,Female,Normal ,,"Taes et al. Bone 45:  392-397, 2009",>T,3417,c.2302G,3417G
544,PAIS,Substitut.,5        LBD,,,769,2305,p.(Leu 769,Met),,,normal,high,,,2 affected siblings with variable phenotype,Female,Ambiguous ,pos,"Boehmer et al. J Clin Endocrinol Metab 86: 4151-4160, 2001",>A,3420,c.2305C,3420C
637,CAIS,Substitut.,5        LBD,,,769,2305,p.(Leu769,Val),20,,,,,,Testis located in labia majora,Female,Normal ,,"Melo et al. J Clin Endorinol & Metab 88: 3241-3250, 2003",>G,3420,c.2305C,3420C
460,CAIS,Substitut.,5        LBD,,,769,2306,p.(Leu769,Pro),,,,,,,,Female,Normal ,,"Ahmed et al. J Clin Endocrinol Metab 85: 658-665, 2000",>C,3421,c.2306T,3421T
666,CAIS,Deletion/Insertion,5        LBD,,,771,2312,p.(Phe771,*),,,,,,,Somatic mosaicism sister heterozygous mother  som mosaic ?,Female,Normal ,pos,"Kohler et al. J Clin Endocrinol Metab 90: 106-111, 2005",delinsAA,3427,c.2312_2313,3427_3428
171,PAIS,Substitut.,5        LBD,,,772,2314,p.(Asn772,His),,,,,,,,Female,Ambiguous ,,"Hiort et al. Hum Mol Genet
3: 1163-1166 1994",>C,3429,c.2314A,3429A
526,PAIS,Substitut.,5        LBD,*,,772,2314,p.(Asn772,His),,,,high,,,Size & level of expression of AR normal,Female,Ambiguous ,,"Zhu et al, 83rd US Endo Soc Meeting, Abstr P2-34, 2001",>C,3429,c.2314A,3429A
173,PAIS,Substitut.,5        LBD,,,773,2318,p.(Glu773,Gly),,,low,high,,,,,,,"Tincello et al. Clinical Endocrinology 46: 497-506, 1997",>G,3433,c.2318A,3433A
174,PAIS,Substitut.,5        LBD,*,,773,2318,p.(Glu773,Ala),25,23,normal,normal,high,,,Male,Ambiguous ,,"Shkolny et al. J Clin Endocrinol Metab 84: 805-810, 1999",>C,3433,c.2318A,3433A
172,CAIS,Substitut.,5        LBD,,,773,2317,p.(Glu773,*),,,zero,,,,,Female,Normal ,,Imasaki et al. Endocrine Journal 42: 643-648 1995,>T,3432,c.2317G,3432G
839,CAIS,Deletion,5        LBD,,,773,2317,p.(Glu773,fs),,,,,,,4 nt deletion leading to stop in codon 788,Female,Normal ,,"Jeske et al. J Pediatr Endocrinol Metab 20: 893-908, 2007",delGATG,3432,c.2317_2320,3432_3435
336,CAIS,Substitut.,6        LBD,*,*,775,2323,p.(Arg775,Cys),26,23,normal,normal,,,,Female,Normal ,,"Prior et al. Am J Hum Genet 51: 143, 1992",>T,3438,c.2323C,3438C
176,CAIS,Substitut.,6        LBD,*,*,775,2323,p.(Arg775,Cys),27,19,zero,,,,,Female,Normal ,pos,"Prior et al. Am J Hum Genet 51: 143, 1992",>T,3438,c.2323C,3438C
177,CAIS,Substitut.,6        LBD,,*,775,2323,p.(Arg775,Cys),,,zero,,,,,Female,Normal ,,"Mebarki et al. 72nd US Endo Soc Meeting, Abstr 791, 1990",>T,3438,c.2323C,3438C
178,CAIS,Substitut.,6        LBD,,*,775,2323,p.(Arg775,Cys),,,,,,,,Female,Normal ,,"Hiort et al. J Pediatrics 132: 939-943, 1998",>T,3438,c.2323C,3438C
179,CAIS,Substitut.,6        LBD,,*,775,2323,p.(Arg775,Cys),,,v low,high,,,,Female,Normal ,neg,"Marcelli et al. J Clin Endocrinol Metab 73: 318, 1991",>T,3438,c.2323C,3438C
180,CAIS,Substitut.,6        LBD,,*,775,2323,p.(Arg775,Cys),,,,,,,,Female,Normal ,,"Jakubiczka et al. Human Mutation 9: 57-61, 1997",>T,3438,c.2323C,3438C
331,CAIS,Substitut.,6        LBD,,*,775,2323,p.(Arg775,Cys),,,,,,,,Female,Normal ,,"Komori et al. Arch Gynecol & Obstetrics 261: 95-100, 1998",>T,3438,c.2323C,3438C
175,CAIS,Substitut.,6        LBD,*,*,775,2323,p.(Arg775,Cys),,,v low,,,,,Female,Normal ,,"Brown et al. Mol Endocrinol, 4: 1759-72, 1990",>T,3438,c.2323C,3438C
355,CAIS,Substitut.,6        LBD,,*,775,2323,p.(Arg775,Cys),,,,,,,mosaic-de novo mutation,Female,Normal ,neg,"Hiort et al. J Pediatrics 132: 939-943, 1998",>T,3438,c.2323C,3438C
589,CAIS,Substitut.,6        LBD,,*,775,2323,p.(Arg775,Cys),,,,,,,Reduced immunoreactive AR,Female,Normal ,,"Avila et al. J Clin Endocrinol Metab 87. 182-188, 2002",>T,3438,c.2323C,3438C
599,CAIS,Substitut.,6        LBD,,*,775,2323,p.(Arg775,Cys),,,,,,,,Female,Normal ,,"Scheiber et al. J Pedatric Endocrinol & Metab. 16: 367-373, 2003",>T,3438,c.2323C,3438C
731,CAIS,Substitut.,6        LBD,,*,775,2324,p.(Arg775,His),,,,,,,sister affected,Female,Normal ,pos,"Ledig et al: Horm Res 63: 263-269, 2005",>A,3439,c.2324G,3439G
732,CAIS,Substitut.,6        LBD,,*,775,2324,p.(Arg775,His),,,,,,,mother heterozygous,Female,Normal ,pos,"Ledig et al: Horm Res 63: 263-269, 2005",>A,3439,c.2324G,3439G
182,CAIS,Substitut.,6        LBD,,*,775,2324,p.(Arg775,His),,,low,normal,,*,,Female,Normal ,,"Batch et al. Hum Mol Genet, 1: 497, 1992",>A,3439,c.2324G,3439G
183,CAIS,Substitut.,6        LBD,*,*,775,2324,p.(Arg775,His),,,v low,high,,,,Female,Normal ,,"DeBellis et al. Mol Endocrinol, 6: 1909-20, 1992",>A,3439,c.2324G,3439G
184,CAIS,Substitut.,6        LBD,,*,775,2324,p.(Arg775,His),,,,,,,,Female,Normal ,,"Hiort et al. Am J Med Genet. 63. 218-222, 1996",>A,3439,c.2324G,3439G
461,CAIS,Substitut.,6        LBD,,*,775,2324,p.(Arg775,His),,,zero,,,,,Female,Normal ,,"Ahmed et al. J Clin Endocrinol Metab 85: 658-665, 2000",>A,3439,c.2324G,3439G
462,CAIS,Substitut.,6        LBD,,*,775,2324,p.(Arg775,His),,,,,,,,Female,Normal ,,"Ahmed et al. J Clin Endocrinol Metab 85: 658-665, 2000",>A,3439,c.2324G,3439G
181,CAIS,Substitut.,6        LBD,*,*,775,2324,p.(Arg775,His),,,normal,high,high,*,mutation found in two unrelated families,Female,Normal ,pos,"Prior et al. Am J Hum genet, 51: 143, 1992",>A,3439,c.2324G,3439G
863,CAIS,Substitut.,6        LBD,,*,775,2323,p.(Arg775,Cys),,,,,,,Prenat diagnosis bilateral gonadectomy at 5yrs,Female,Normal ,,"Cheikhelard et al. J Urol 180: 1496-1501, 2008",>T,3438,c.2323C,3438C
878,CAIS,Substitut.,6        LBD,,*,775,2323,p.(Arg775,Cys),,,,,,,,Female,Normal ,pos,"Qin et al. Zhonghua Fu Chan Ke Za Za 43: 828-830, 2008",>T,3438,c.2323C,3438C
986,CAIS,Substitut.,6        LBD,,*,775,2323,p.(Arg775,Cys),27,17,,,,,,Female,Normal ,neg,"Audi et al. J Clin Endocrinol Metab 95: 1876-1888, 2010",>T,3438,c.2323C,3438C
987,CAIS,Substitut.,6        LBD,,*,775,2324,p.(Arg775,His),20,17,,,,,,Female,Normal ,neg,"Audi et al. J Clin Endocrinol Metab 95: 1876-1888, 2010",>A,3439,c.2324G,3439G
185,PAIS,Substitut.,6        LBD,,*,775,2324,p.(Arg775,His),,,,,,,,,,,"Quigley et al. Endocrin
Reviews 16: 271, 1995",>A,3439,c.2324G,3439G
186,CAIS,Substitut.,6        LBD,,*,780,2338,p.(Arg780,Trp),,,,,,,,Female,Normal ,,"Hiort et al. Hum Mol Genet
3: 1163-1166 1994",>T,3453,c.2338C,3453C
187,CAIS,Substitut.,6        LBD,*,*,780,2338,p.(Arg780,Trp),,,,,,,,Female,Normal ,,"Morono et al. Human Mutation 6: 152-162, 1995",>T,3453,c.2338C,3453C
188,CAIS,Substitut.,6        LBD,,*,780,2338,p.(Arg780,Trp),,,,,,,,Female,Normal ,,"Sinnecker et al. Eur J. Pediatr. 156: 7-14, 1997",>T,3453,c.2338C,3453C
463,CAIS,Substitut.,6        LBD,,*,780,2338,p.(Arg780,Trp),,,,,,,,Female,Normal ,,"Ahmed et al. J Clin Endocrinol Metab 85: 658-665, 2000",>T,3453,c.2338C,3453C
621,CAIS,Substitut.,6        LBD,,*,780,2338,p.(Arg780,Trp),21,,low,,,,AR partially purified  appears truncated (43 kD),Female,Normal ,,"MacLean et al. Hum Mutat. 23: 287, 2004",>T,3453,c.2338C,3453C
638,CAIS,Substitut.,6        LBD,,*,780,2338,p.(Arg780,Trp),24,,,,,,Testis located in inguinal region,Female,Normal ,neg,"Melo et al. J Clin Endorinol & Metab 88: 3241-3250, 2003",>T,3453,c.2338C,3453C
733,CAIS,Substitut.,6        LBD,,*,780,2338,p.(Arg780,Trp,,,,,,,,Female,Normal ,neg,"Ledig et al: Horm Res 63: 263-269, 2005",>T,3453,c.2338C,3453C
189,PAIS,Substitut.,6        LBD,*,,781,2343,p.(Met781,Ile),,,normal,high,,*,,Female,Ambiguous ,,"Bevan et al. Hum Mol Genet, 5: 265-273, 1996",>A,3458,c.2343G,3458G
190,PAIS,Substitut.,6        LBD,,,781,2343,p.(Met781,Ile),20,23,normal,high,high,,1 family member - male. Rest of family - females,Female / Male,Ambiguous ,pos,"Pinsky et al. Clin Inv Med, 15: 456, 1992",>A,3458,c.2343G,3458G
191,PAIS,Substitut.,6        LBD,,,781,2343,p.(Met781,Ile),,,,,,,,,,,"Brinkmann et al. J
Steroid Biochem & Mol
Biol 53: 443, 1995",>A,3458,c.2343G,3458G
192,PAIS,Substitut.,6        LBD,,,781,2343,p.(Met781,Ile),,,,,,,A brother to mutation 0305,Male, Ambiguous,pos,"Rodien et al. J Clin Endo & Metab 81: 2904-2908, 1996",>A,3458,c.2343G,3458G
305,CAIS,Substitut.,6        LBD,,,781,2343,p.(Met781,Ile),,,,,,,2 sisters to mutation 0192,Female,Normal ,pos,"Rodien et al. J Clin Endo & Metab 81: 2904-2908, 1996",>A,3458,c.2343G,3458G
193,CAIS,Substitut.,6        LBD,,,781,2343,p.(Met781,Ile),,,,,,,,Female,Normal ,,"Jakubiczka et al. Human Mutation 9: 57-61, 1997",>A,3458,c.2343G,3458G
464,CAIS,Substitut.,6        LBD,,,781,2343,p.(Met781,Ile),,,low,high,,,Epididymis & Vas deferens present -Cousin 660,Female,Normal ,pos,"Hannema et al. J Clin  Endocrinol Metab 89: 5815-5822, 2004",>A,3458,c.2343G,3458G
660,CAIS,Substitut.,6        LBD,,,781,2343,p.(Met781,Ile),,,,,,,"Epididymis & Vas deferens present
-Cousin 464",Female,Normal ,pos,"Hannema et al. J Clin  Endocrinol Metab 89: 5815-5822, 2004",>A,3458,c.2343G,3458G
682,PAIS,Substitut.,6        LBD,,,781,2343,p.(Met781,Ile),,,,,,,,,Ambiguous ,,"Bouvattier et al: J Clin Endorinol & Metab 87: 29-32, 2002",>A,3458,c.2343G,3458G
743,PAIS,Substitut.,6        LBD,,,781,2343,p.(Met781,Ile),,,,,,,2 affected siblings,Female,Ambiguous ,pos,"Boehmer et al. J Clin Endocrinol Metab 86: 4151-4160, 2001",>A,3458,c.2343G,3458G
774,MAIS,Substitut.,6        LBD,,,781,2343,p.(Met781,Ile),,,,,,,Male infertility,Male,Normal ,,"Ferlin et al. Clin Endocrinol 65: 606-610, 2006",>A,3458,c.2343G,3458G
988,CAIS,Substitut.,6        LBD,,,782,2344,p.(Tyr782,Asp),20,18,low,high,,,"Mother & sister heterozygotes, 2 aunts wt",Female,Normal ,pos,"Audi et al. J Clin Endocrinol Metab 95: 1876-1888, 2010",>G,3459,c.2344T,3459T
194,"Prostate
cancer
",Substitut.,6        LBD,,,783,2348,p.(Ser783,Asn),,,,,,,Somatic mutation,Male,Normal ,,"Tilley et al. 2: Clinical
Cancer Res. 2: 277-
285, 1996",>A,3463,c.2348G,3463G
383,CAIS,Substitut.,6        LBD,*,,785,2354,p.(Cys785,Tyr),,,zero,,,,"No transactivation
capacity",Female,Normal ,,"Giwercman et al. Human Genetics 103: 529-531, 1998",>A,3469,c.2348G,3469G
864,CAIS,Substitut.,6        LBD,,,785,2354,p.(Cys785,Tyr),,,,,,,Diagnosis & bilateral gonadectomy at 16yrs,Female,Normal ,,"Cheikhelard et al. J Urol 180: 1496-1501, 2008",>A,3469,c.2348G,3469G
667,CAIS,Deletion,6        LBD,,,786,2356,p.(Val786,fs),,,,,,,"Somatic mosaicism
2 nt del causing fs & stop at codon 828",Female,Normal ,,"Kohler et al. J Clin Endocrinol Metab 90: 106-111, 2005",delGT,3471,c.2356_2357,3471_3472
989,CAIS,Deletion,6        LBD,,,786,2356,p.(Val786,fs),19,18,zero,zero,,,2 nt del causing fs & stop at codon 828,Female,Normal ,neg,"Audi et al. J Clin Endocrinol Metab 95: 1876-1888, 2010",delGT,3471,c.2356_2357,3471_3472
195,CAIS,Substitut.,6        LBD,,*,787,2359,p.(Arg787,*),,,zero,,,,,Female,Normal ,,"Pinsky et al. Clin Inv Med, 15: 456-472, 1992",>T,3474,c.2359C,3474C
557,CAIS,Substitut.,6        LBD,,*,787,2359,p.(Arg787,*),,,,,,,,Female,Normal ,,"Ignaccack et al. J Appl Genet 43: 109-114, 2002",>T,3474,c.2359C,3474C
600,CAIS,Substitut.,6        LBD,,*,787,2359,p.(Arg787,*),,,,,,,,Female,Normal ,,"Scheiber et al. J Pedatric Endocr  Metab 16: 367-373, 2003",>T,3474,c.2359C,3474C
892,Prostate Cancer,Substitut.,6        LBD,,*,787,2359,p.(Arg787,*),,,,,,,"Also p.(Q86del, Q867*. Not treated",Male,Normal ,,"Steinkamp et al. Cancer Res 69: 4434-4442, 2009",>T,3474,c.2359C,3474C
939,Prostate Cancer,Substitut.,6        LBD,,*,787,2359,p.(Arg787,*),,,,,,,Untreated with anti- androgens,Male,Normal ,,"Steinkamp et al. Cancer Res 69: 4434-4442, 2009",>T,3474,c.2359C,3474C
196,CAIS,Substitut.,6        LBD,*,,788,2362,p.(Met788,Val),,,zero,,,,,Female,Normal ,pos,"Nakao et al. J Clin Endocrinol Metab, 74: 1152, 1992",>G,3477,c.2362A,3477A
615,CAIS,Substitut.,6        LBD,,,788,2362,p.(Met788,Val),,,,,,,Uterus present,Female,Normal ,,"Van et al. Eur J. Pediatr. 162: 781-784, 2003",>G,3477,c.2362A,3477A
990,CAIS,Substitut.,6        LBD,,,788,2364,p.(Met788,Ile),23,18,,,,,,Female,Normal ,neg,"Audi et al. J Clin Endocrinol Metab 95: 1876-1888, 2010",>A,3479,c.2364G,3479G
991,CAIS,Substitut.,6        LBD,,,788,2364,p.(Met788,Ile),23,17,,,,,1 sister affected,Female,Normal ,pos,"Audi et al. J Clin Endocrinol Metab 95: 1876-1888, 2010",>A,3479,c.2364G,3479G
992,CAIS,Substitut.,6        LBD,,,788,2364,p.(Met788,Ile),26,17,,,,,,Female,Normal ,neg,"Audi et al. J Clin Endocrinol Metab 95: 1876-1888, 2010",>T,3479,c.2364G,3479G
406,MAIS,Substitut.,6        LBD,,,789,2367,p.(Arg789,Ser),24,23,normal,normal,high,*,"Gynecomastia -high pitched voice-
decreased body hair",Male,Normal ,pos,"Lumbroso et al 81st. US Endo Soc Meetings Abstr. P3-288, 1999",>T,3482,c.2367G,3482G
716,PAIS,Substitut.,6        LBD,,,789,2367,p.(Arg789,Ser),,,,high,,,,Male,Ambiguous ,,"Deeb et al. Clinical Endocrinology 63: 56-62, 2005",>T,3482,c.2367G,3482G
735,CAIS,Duplicat,6        LBD,,,789,2365,p.(Arg789,dup),,,,,,,"p.(Arg789) duplicated
",Male,Normal ,neg,"Ledig et al. Horm Res 63: 263-269, 2005",dupAGG,3480,c.2365_2367,3480_3482
197,MAIS,Substitut.,6        LBD,*,,791,2371,p.(Leu791,Phe),,,normal,low,,*,,Male,Near-normal male,,"Tsukada et al: J Clin Endocrinol
Metab, 79: 1202, 1994",>T,3486,c.2371C,3486C
842,CAIS,Substitut.,6        LBD,,,791,2372,p.(Leu791,Pro),,,,,,,,Female,Normal ,,"Raicu et al. Asian J Androl 10: 687-91, 2008",>C,3487,c.2372T,3487T
993,CAIS,Deletion,6        LBD,,,793,2378,p.(Gln793,fs),20,17,,,,,Heterozygous sister 2nt del causing fs & stop in Codon 828,Female,Normal ,pos,"Audi et al. J Clin Endocrinol Metab 95: 1876-1888, 2010",delAA,3493,c.2378_2379,3493_3494
198,MAIS,Substitut.,6        LBD,,,794,2382,p.(Glu794,Asp),,,normal,normal,,,Inconsistent increases in gynocomastia & infertility,Male,Normal ,,"Pinsky et al. Clin Inv Med, 15: 456, 1992",>C,3497,c.2382G,3497G
397,Normal,Substitut.,6        LBD,,,794,2382,p.(Glu794,Asp),,,,,,,Homsosexual individual,Male,Normal ,,"Macke et al. Am J Human Genetics 53: 844-852,  1993",>C,3497,c.2382G,3497G
199,CAIS,Substitut.,6        LBD,,,795,2384,p.(Phe795,Ser),,,zero,,,,,Female,Normal ,,"Hiort et al. Am J Med Genet. 63: 218-222, 1996",>C,3499,c.2384T,3499T
200,CAIS,Substitut.,6        LBD,,,795,2384,p.(Phe795,Ser),,,,,,,,Female,Normal ,,"Jakubiczka et al Human Mutation 9: 57-61, 1997",>C,3499,c.2384T,3499T
907,PAIS,Substitut.,6        LBD,,,796,2388,p.(Gly796,Gly),,,low,high,,,Silent mutation,Male,Ambiguous ,,"Appari et al. J Mol Med 87: 623-632, 2009",>G,3503,c.2388A,3503A
201,CAIS,Substitut.,6        LBD,*,,797,2391,p.(Trp797,*),,,v low,,,,,Female,Normal ,,"Marcelli at al. J Clin Invest 85: 1522-1528, 1990",>A,3506,c.2391G,3506G
202,PAIS,Substitut.,6        LBD,*,,799,2395,p.(Gln799,Glu),,,normal,normal,,*,,Female,Ambiguous ,,"Bevan et al. Hum Mol Genet, 5:  265-273, 1996",>G,3510,c.2395C,3510C
203,PAIS,Substitut.,6        LBD,,,799,2395,p.(Gln799,Glu),,,normal,normal,,,,, ,,"Quigley et al. Endocrine
Reviews 16: 271, 1995",>G,3510,c.2395C,3510C
204,PAIS,Substitut.,6        LBD,,,799,2395,p.(Gln799,Glu),,,,,,,,Female,Ambiguous ,,"Hiort et al. Am J Med Genet. 63: 218-222, 1996",>G,3510,c.2395C,3510C
205,"Prostate
cancer",Substitut.,6        LBD,,,799,2395,p.(Gln799,Glu),,,,,,,Also present in genomic DNA,Male,Normal ,,"Evans et al. Prostate
28: 162-171, 1996",>G,3510,c.2395C,3510C
399,"Prostate
cancer",Substitut.,6        LBD,,,799,2395,p.(Gln799,Glu),,,,,,,"Somatic mutation
Stage 4 tumor",Male,Normal ,,"Castagnaro et al. Verh. Dtsch. Ges. Path. 77. 119-123, 1993",>G,3510,c.2395C,3510C
340,MAIS,Substitut.,6        LBD,*,,799,2395,p.(Gln799,Glu),,,normal,,,,Azospermia,Male,Normal ,,"Hiort et al. J Clin Endocrinol Metab 85: 2810-2815, 2000",>G,3510,c.2395C,3510C
381,MAIS,Substitut.,6        LBD,*,,799,2395,p.(Gln799,Glu),,,normal,,,,Azoospermia - defective transactivation,Male,Normal ,,"Wang et al.  J Clin Endocrinol Metab 83: 
4303-4309, 1998",>G,3510,c.2395C,3510C
775,MAIS,Substitut.,6        LBD,,,799,2395,p.(Gln799,Glu),,,,,,,Male infertility,Male,Normal ,,"Ferlin et al. Clin Endocrinol 65: 606-610, 2006",>G,3510,c.2395C,3510C
954,PAIS,Substitut.,6        LBD,*,,799,2395,p.(Gln799,Glu),,,,,,,Virilization  post-gonadectomy heteroz  P450 (POR) p.Y601C,Female,Ambiguous ,,"Idkowiak et al. J Clin Endocrinol Metab 95: 3418-3527, 2010",>G,3510,c.2395C,3510C
1041,PAIS,Substitut.,6        LBD,*,,799,2395,p.(Gln799,Glu),,,,,,,External Masculisation Score = 8,Male,Ambiguous ,,"Hellmann et al. Arch Dis Child 97:403-409, 2012",>G,3510,c.2395C,3510C
648,CAIS,Substitut.,6        LBD,,,799,2395,p.(Gln799,*),,,,,,,Abdominal tumor -Sertoli cell adenoma,Female,Normal ,,"Ignacek et al: Gynecol Endorinol 19: 178-181, 2004",>T,3510,c.2395C,3510C
764,"Prostate
cancer",Substitut.,6        LBD,,,800,2399,p.(Ile800,Thr),,,,,,,patient lower Gleason score than patient -wt AR- som mutation,Male,Normal ,,"Sanchez et al. BJU Int 98: 1320-1325, 2006",>C,3514,c.2399T,3514T
596,PAIS,Substitut.,6        LBD,,,801,2402,p.(Thr801 ,Ile),,,,,,,Variable expressity- four additional males with MAIS,Male,Ambiguous ,pos,"Galli-Tsinopoulou et al.
J Pediatr Endocrinol Metab16: 149-154, 2003",>T,3517,c.2402C,3517C
542,CAIS,Deletion,6        LBD,,,801,2403,p.(Thr801,fs),,,,,,,Single nt del causing frameshift & stop in codon 808 1 affect sib,Female,Normal ,pos,"Boehmer et al. J Clin Endocrinol Metab 86: 4151-4160, 2001",delC,3518,c.2403,3518
1055,CAIS,Deletion,6        LBD,,,801,2403,p.(Thr801,fs),,,,,,,Single nt del causing frameshift & stop in codon 808 1 affect sib,Female,Normal ,pos,"Vasu et al. Genet Test Mol Biomarkers 16:749-755, 2012",delC,3518,c.2403,3518
521,PAIS,Substitut.,6        LBD,,,803,2408,p.(Gln803,Arg),,,,,,,,,,,"Chavez et al. Clin Genet 59: : 185-188, 2001 ",>G,3523,c.2408A,3523A
498,CAIS,Substitut.,6        LBD,,,804,2410,p.(Glu804,Lys),,,zero,zero,,,,Female,Normal ,pos,"Sawai et al. J Hum Genet 45: 342-345, 2000",>A,3525,c.2410G,3525G
563,CAIS,Substitut.,6        LBD,,,805,2413,p.(Phe805,Leu),,,,,,,de novo mutation.  + glaucoma & hyper- trophic pyloric stenos,Female,Normal ,neg,"Gad et al. Clin Genet. 63: 59-63, 2003",>C,3528,c.2413T,3528T
865,CAIS,Substitut.,6        LBD,,,805,2413,p.(Phe805,Ile),,,,,,,Diagnosis at 1mo,Female,Normal ,,"Cheikhelard et al. J Urol 180: 1496-1501, 2008",>A,3528,c.2413T,3528T
206,PAIS,Substitut.,6        LBD,,,807,2420,p.(Cys807,Tyr),,,,,,,,,,,"Brown et al. Eur J
Pediatr 152: (Suppl 2)
S62, 1993",>A,3535,c.2420G,3535G
207,CAIS,Substitut.,6        LBD,*,,808,2422,p.(Met808,Val),,,low,,,,,Female,Normal ,,"Morono et al. Human Mutation 6: 152-162, 1995",>G,3537,c.2422A,3537A
639,CAIS,Substitut.,6        LBD,,,808,2422,p.(Met808,Val),30,,low,,,,Testis located in inguinal region,Female,Normal ,neg,"Melo et al. J Clin Endorinol & Metab 88: 3241-3250, 2003",>G,3537,c.2422A,3537A
428,PAIS,Substitut.,6        LBD,*,,808,2423,p.(Met808,Thr),,,low,,,,Treatment with topical DHT restored male genital development,Female,Ambiguous ,,"Ong et al. Lancet 354: 1444-1445, 1999",>C,3538,c.2423T,3538T
208,CAIS,Substitut.,6        LBD,,,808,2423,p.(Met808,Arg),,,zero,,,,,Female,Normal ,,"Adeyemo et al. Hum Mol Genet, 2: 1809, 1993",>G,3538,c.2423T,3538T
1093,CAIS,Substitut.,6        LBD,,,809,2425,p.Lys809,Gln),,,,,,,,Female,Normal ,,"Hughes et al. Semin Reprod Med 30: 432-442, 2012",>C,3540,c.2425A,3540A
403,PAIS,Substitut.,6        LBD,,,813,2437,p.(Leu813,Phe),,,,,,,,Female,Normal ,,"Yaegashi et al. Tohoku J of Exp Med 187: 263-272, 1999",>T,3552,c.2437C,3552C
799,CAIS,Substitut.,6        LBD,*,,813,2438,p.(Leu813,Pro),,,zero,,,,Severely impaired AR transactivation,Female,Normal ,,"Jaaskelainen et al. Hum Mutat 27: 291, 2006",>C,3553,c.2438T,3553T
209,PAIS,Substitut.,6        LBD,,,815,2444,p.(Ser815,Asn),20,,normal,,,, Hormone binding specificity alterted.  ,Female,Ambiguous ,,"Pinsky et al. Clin Inv Med, 15: 456, 1992",>A,3559,c.2444G,3559G
210,MAIS,Substitut.,6        LBD,,,815,2444,p.(Ser815,Asn),20,,normal,,,,"Hormone binding
specificity altered",Male,Normal ,pos,"Pinsky et al. Clin Inv
Med, 15: 456, 1992",>A,3559,c.2444G,3559G
685,PAIS,Substitut.,7        LBD,,,818,2452,p.(Pro818,Ala),,,normal,high,,,Mother a carrier,Male,Ambiguous ,pos,"Lumbroso et al. J Mol Endocrinol 32: 679-687, 2004",>G,3567,c.2452C,3567C
811,CAIS,Substitut.,7        LBD,,,818,2453,p.(Pro818,Leu),,,,,,,Two sisters with CAIS mother a carrier,Female,Normal ,pos,"Turek-Plewa et al. Hum Genet 119: 361, 2006",>T,3568,c.2453C,3568C
501,CAIS,Substitut.,7        LBD,,,820,2459,p.(Asp820,Gln),,,,,,,"Also 3578Gdel 
causing frameshift & stop in codon 821  ",Female,Normal ,,"Choi et al. Arch Gynecol Obstet 263: 201-205, 2000",>G,3574,c.2459A,3574A
211,CAIS,Substitut.,7        LBD,*,,821,2462,p.(Gly821,Ala),,,normal,high,,*,"Also Leu263Pro, enhances thermolability",Female,Ambiguous ,neg,"Tanaka et al. Gynecological Endo. 12: 75-82, 1998",>C,3577,c.2462G,3577G
212,PAIS,Substitut.,7        LBD,,,822,2464,p.(Leu822,Val),24,23,normal,normal,,,,,,,"Pinsky et al. Clin Inv Med, 15: 456, 1992",>G,3579,c.2464C,3579C
776,MAIS,Substitut.,7        LBD,,,822,2464,p.(Leu822,Val),,,,,,,Male infertility,Male,Normal ,,"Ferlin et al. Clin Endocrinol 65: 606-610, 2006",>G,3579,c.2464C,3579C
513,MAIS,Substitut.,7        LBD,*,,825,2473,p.(Gln825,Lys),,,,,,,"Gynocomastia-norm fert -related to 514
abnormal Bmax DHT",Male,Normal ,pos,"Giwercman et al. J Clin Endocrinol Metab 85: 2253-2259, 2000",>A,3588,c.2473C,3588C
514,MAIS,Substitut.,7        LBD,*,,825,2473,p.(Gln825,Lys),,,,,,,"Gynocomastia-norm fert -related to 513
abnormal Bmax DHT",Male,Normal ,pos,"Giwercman et al. J Clin Endocrinol Metab 85: 2253-2259, 2000",>A,3588,c.2473C,3588C
1041,PAIS,Substitut.,7        LBD,*,,825,2473,p.(Gln825,Lys),,,,,,,"External Masculisation Score = 12
",Male,Ambiguous ,,"Hellmann et al. Arch Dis Child 97:403-409, 2012",>A,3588,c.2473C,3588C
1042,PAIS,Substitut.,7        LBD,*,,825,2473,p.(Gln825,Lys),,,,,,,"External Masculisation Score = 12
",Male,Ambiguous ,pos,"Hellmann et al. Arch Dis Child 97:403-409, 2012",>A,3588,c.2473C,3588C
1043,PAIS,Substitut.,7        LBD,*,,825,2473,p.(Gln825,Lys),,,,,,,External Masculisation Score = 12,Male,Ambiguous ,,"Hellmann et al. Arch Dis Child 97:403-409, 2012",>A,3588,c.2473C,3588C
1044,PAIS,Substitut.,7        LBD,*,,825,2473,p.(Gln825,Lys),,,,,,,"External Masculisation Score = 12
",Male,Ambiguous ,,"Hellmann et al. Arch Dis Child 97:403-409, 2012",>A,3588,c.2473C,3588C
1045,PAIS,Substitut.,7        LBD,*,,825,2473,p.(Gln825,Lys),,,,,,,"External Masculisation Score =12-brother has PAIS
",Male,Ambiguous ,pos,"Hellmann et al. Arch Dis Child 97:403-409, 2012",>A,3588,c.2473C,3588C
1046,PAIS,Substitut.,7        LBD,*,,825,2473,p.(Gln825,Lys),,,,,,,"External Masculisation Score = 10, cousins PAIS
",Male,Ambiguous ,pos,"Hellmann et al. Arch Dis Child 97:403-409, 2012",>A,3588,c.2473C,3588C
1047,PAIS,Substitut.,7        LBD,*,,825,2473,p.(Gln825,Lys),,,,,,,"External Masculisation Score = 12, cousins PAIS
",Male,Ambiguous ,pos,"Hellmann et al. Arch Dis Child 97:403-409, 2012",>A,3588,c.2473C,3588C
875,PAIS,Substitut.,7        LBD,*,,827,2481,p.(Phe827,Leu),22,17,normal,,,,Increased N/C terminal interaction & TIF2 co-activation,Male,Ambiguous ,pos,"Wong et al. Mol Cell Endocrinol 292: 69-78, 2008",>A,3596,c.2481C,3596C
537,CAIS,Substitut.,7        LBD,,,828,2482,p.(Phe828,Val),,,,,,,,Female,Normal ,,"Chavez et al. J Hum Genet. 46: 560-565, 2001",>G,3597,c.2482T,3597T
1094,CAIS,Substitut.,7        LBD,,,828,2483,p.(Phe828,Ser),,,,,,,,Female,Normal ,,"Hughes et al. Semin Reprod Med 30: 432-442, 2012",>C,3598,c.2483T,3598T
622,CAIS,Insertion,7        LBD,,,830,2478,p.(Glu830,fs),18,,,,,,2nt insertion causing frameshift and stop in Codon  834,Female,Normal ,pos,"MacLean et al. Hum Mutat. 23: 287, 2004",insCA,3593,c.2478_2479,3603_3604
522,CAIS,Substitut.,7        LBD,,,831,2491,p.(Leu831,Val),,,,,,,,Female,Normal ,,"Chavez et al. Clin Genet 59: : 185-188, 2001 ",>G,3606,c.2494C,3606C
213,CAIS,Substitut.,7        LBD,,*,832,2494,p.(Arg832,*),,,zero,,,,,Female,Normal ,pos,"DeBellis et al. Mol Endocrinol, 6: 1909-20, 1992",>T,3609,c.2494C,3609C
214,CAIS,Substitut.,7        LBD,,*,832,2494,p.(Arg832,*),,,zero,,,,,Female,Normal ,,"Tincello et al. J Endocrinol, 132 Suppl, Abstr 87, 1992",>T,3609,c.2494C,3609C
215,CAIS,Substitut.,7        LBD,,*,832,2494,p.(Arg832,*),,,zero,,,,,Female,Normal ,,"Ris-Stalpers et al. 74th Endo Soc Meeting, 1992",>T,3609,c.2494C,3609C
384,CAIS,Substitut.,7        LBD,,*,832,2494,p.(Arg832,*),,,,,,,,Female,Normal ,,"Giwercman et al. Human Genetics 103: 529-531, 1998",>T,3609,c.2494C,3609C
465,CAIS,Substitut.,7        LBD,,*,832,2494,p.(Arg832,*),,,,,,,Wolffian remnants present,Female,Normal ,,"Hannema et al. J Clin  Endocrinol Metab 89: 5815-5822, 2004",>T,3609,c.2494C,3609C
500,CAIS,Substitut.,7        LBD,,*,832,2494,p.(Arg832,*),,,,,,,,Female,Normal ,,"Choi et al. Arch Gynecol Obstet 263: 201-205, 2000",>T,3609,c.2494C,3609C
515,CAIS,Substitut.,7        LBD,,*,832,2494,p.(Arg832,*),,,,,,,Harmatoma found in pubertal patient,Female,Normal ,,"Chen et al. Fertilty & Sterility 74: 182-183, 2000",>T,3609,c.2494C,3609C
466,CAIS,Substitut.,7        LBD,,*,832,2495,p.(Arg832,Gln),,,,,,,,Female,Normal ,,"Ahmed et al. J Clin Endocrinol Metab 85: 658-665, 2000",>A,3610,c.2495G,3610G
499,CAIS,Substitut.,7        LBD,,*,832,2495,p.(Arg832,Gln),,,,,,,,Female,Normal ,,"Choi et al. Arch Gynecol Obstet 263: 201-205, 2000",>A,3610,c.2495G,3610G
814,CAIS,Substitut.,7        LBD,,*,832,2495,p.(Arg832,Gln),,,,,,,"""hamatomatous testes"" present",Female,Normal ,,"Goulis et al. Hirmines (Athens) 5: 200-204, 2006",>A,3610,c.2495G,3610G
216,CAIS,Substitut.,7        LBD,*,*,832,2495,p.(Arg832,Gln),,,v low,,,,,Female,Normal ,pos,"Brown et al. Mol Endocrinol, 4: 1759-72, 1990",>A,3610,c.2495G,3610G
217,CAIS,Substitut.,7        LBD,,*,832,2495,p.(Arg832,Gln),,,zero,,,,Found in two unrelated families,Female,Normal ,,"McPhaul et al. J Clin
Inv, 90: 2097, 1992",>A,3610,c.2495G,3610G
404,CAIS,Substitut.,7        LBD,,,832,2495,p.(Arg832,Gln),,,zero,,,,,Female,Normal ,,"Yaegashi et al. Tohoku J of Exp Med 187: 263-272, 1999",>A,3610,c.2495G,3610G
524,CAIS,Substitut.,7        LBD,,,832,2495,p.(Arg832,Gln),,,zero,,,,Sertoli cell carcinoma,Female,Normal ,,"Ko et al. Int. J. Gynocol. Pathol. 20: 196-199, 2001",>A,3610,c.2495G,3610G
994,CAIS,Substitut.,7        LBD,,,832,2495,p.(Arg832,Gln),23,17,,,,,Mother heterozygous carrier,Female,Normal ,,"Audi et al. J Clin Endocrinol Metab 95: 1876-1888, 2010",>A,3610,c.2495G,3610G
218,CAIS,Substitut.,7        LBD,*,,832,2495,p.(Arg832,Leu),21,19,zero,,,,,Female,Normal ,,"Shkolny et al. Human Mol Genetics 4: 515-521,1995",>T,3610,c.2495G,3610G
307,CAIS,Substitut.,7        LBD,*,,832,2495,p.(Arg832,Leu),26,16,zero,,,,,Female,Normal ,,"Shkolny et al. Human Mol Genetics 4: 515-521,1995",>T,3610,c.2495G,3610G
590,CAIS,Substitut.,7        LBD,*,,832,2495,p.(Arg832,Leu),,,,,,,Reduced  immunoreactive AR,Female,Normal ,,"Avila et al. J Clin Endocrinol Metab 87. 182-188, 2002",>T,3610,c.2495G,3610G
995,CAIS,Substitut.,7        LBD,,*,832,2494,p.(Arg832,*),19,18,,,,,,Female,Normal ,neg,"Audi et al. J Clin Endocrinol Metab 95: 1876-1888, 2010",>T,3609,c.2494C,3609C
1095,CAIS,Substitut.,7        LBD,,,,,p.(Met833,*),,,,,,,,Female,Normal ,,"Hughes et al. Semin Reprod Med 30: 432-442, 2012",,,,
996,CAIS,Deletion,7        LBD,,,834,2500,p.(Asn834,del),19,18,,,,,,Female,Normal ,neg,"Audi et al. J Clin Endocrinol Metab 95: 1876-1888, 2010",delAAC,3615,c.2500_2502,3615_3617
219,CAIS,Substitut.,7        LBD,,,835,2504,p.(Tyr835,Cys),,,zero,,,,,Female,Normal ,,"Wilson et al. J Clin Endocrinol Metab, 75: 1474-8, 1992",>G,3619,c.2504A,3619A
392,PAIS,Substitut.,7        LBD,,,839,2517,p.(Leu839,),,,,,,,"Hypospadia and cryptorchidism -
silent mutation",Male,Ambiguous ,,"Nordenskjold et al Urological Res, 27: 49-55, 1999",>T,3632,c.2517C,3632C
765,"Prostate
cancer",Substitut.,7        LBD,,,839,2517,p.(Leu839,),,,,,,,patient lower Gleason score than patient -wt AR- som mutation,Male,Normal ,,"Sanchez et al. BJU Int 98: 1320-1325, 2006",>T,3632,c.2517C,3632C
997,CAIS,Substitut.,7        LBD,,,839,2515,p.(Leu839,Val),8,17,,,,,,Female,Normal ,neg,"Audi et al. J Clin Endocrinol Metab 95: 1876-1888, 2010",>G,3630,c.2515C,3630C
1038,PAIS,Substitut.,7        LBD,,,839,2515,p.(Leu839,Phe,, ,,,,,External Masculisation Score = 6,Male,Ambiguous ,,"Hellmann et al. Arch Dis Child 97:403-409, 2012",>T,3630,c.2515C,3630C
220,PAIS,Substitut.,7        LBD,*,*,841,2521,p.(Arg841,Cys),20,16,normal,high,norm,*,,Male,Ambiguous ,pos,"Beitel et al. J Clin Inv,
94: 546-554 1994
",>T,3636,c.2521C,3636C
221,PAIS,Substitut.,7        LBD,*,*,841,2521,p.(Arg841,Cys),,,low,high,,*,Found in two unrelated individuals. ,Female,,,"McPhaul et al. J Clin
Inv, 90: 2097, 1992",>T,3636,c.2521C,3636C
222,PAIS,Substitut.,7        LBD,*,*,841,2521,p.(Arg841,Cys),,,normal,high,,,Sibling  of 0308,Female,Ambiguous ,pos,"Bevan et al. Hum Mol      Genet, 5: 265-273, 1996",>T,3636,c.2521C,3636C
308,PAIS,Substitut.,7        LBD,*,*,841,2521,p.(Arg841,Cys),,,normal,high,,,Sibling of 0222,Male,Ambiguous ,pos,"Bevan et al. Hum Mol      Genet, 5: 265-273, 1996",>T,3636,c.2521C,3636C
387,PAIS,Substitut.,7        LBD,*,*,841,2521,p.(Arg841,Cys),,,,,,,Transcriptional activity only at high conc of androgen,, ,,"Georget et al. J Clin Endocrinol Metab 83: 3597-3603, 1998",>T,3636,c.2521C,3636C
698,PAIS,Substitut.,7        LBD,*,*,841,2521,p.(Arg841,Cys),,,normal,low,,,Family member of 0699 & 0700 with phenotypic varaiation,Male,Ambiguous ,pos,"Wang et al. Biochem Biophs Res Comm 335: 335-342, 2005",>T,3636,c.2521C,3636C
699,PAIS,Substitut.,7        LBD,*,*,841,2521,p.(Arg841,Cys),,,normal,low,,,Family member of 0698 & 0700 with phenotypic varaiation,Male,Ambiguous ,pos,"Wang et al. Biochem Biophs Res Comm 335: 335-342, 2005",>T,3636,c.2521C,3636C
700,PAIS,Substitut.,7        LBD,*,*,841,2521,p.(Arg841,Cys),,,normal,low,,,"Family member of 0698 & 0699 with , phenotypic varaiation",Male,Ambiguous ,pos,"Wang et al. Biochem Biophs Res Comm 335: 335-342, 2005",>T,3636,c.2521C,3636C
734,PAIS,Substitut.,7        LBD,,*,841,2521,p.(Arg841,Cys),,,,,,,"brother affected, sister heterozygous",Male,Ambiguous ,pos,"Ledig et al: Horm Res 63: 263-269, 2005",>T,3636,c.2521C,3636C
385,PAIS,Substitut.,7        LBD,*,,841,2521,p.(Arg841,Gly),,,low,,,,"Reduced 
transactivation",,,,"Giwercman et al. 
Human Genetics 103: 
529-531, 1998",>G,3636,c.2521C,3636C
818,PAIS,Substitut.,7        LBD,,*,841,2522,p.(Arg841,His),,,,,,, ,Male,Ambiguous ,,"Yen et al. Acta Paediatr Taiwan 46: 101-105, 2005",>A,3637,c.2522G,3637G
683,CAIS,Substitut.,7        LBD,,*,841,2522,p.(Arg841,His),,,,,,,bilateral inguinal hernia,Female,Normal ,,"Bouvattier et al: J Clin Endorinol & Metab 87: 29-32, 2002",>A,3637,c.2522G,3637G
820,CAIS,Substitut.,7        LBD,,*,841,2522,p.(Arg841,His),,,,,,,,Female,Normal ,,"Wang et al. Yi Chuan Xue Bao 33: 19-25, 2006",>A,3637,c.2522G,3637G
337,PAIS,Substitut.,7        LBD,*,*,841,2522,p.(Arg841,His),19,,normal,high,high,*,,Female,Ambiguous ,pos,"Beitel et al. J Clin Inv,
94: 546-554 1994",>A,3637,c.2522G,3637G
224,PAIS,Substitut.,7        LBD,*,*,841,2522,p.(Arg841,His),18,24,normal,high,high,*,,Female,Ambiguous ,pos,"Beitel et al. J Clin Inv,
94: 546-554 1994",>A,3637,c.2522G,3637G
225,PAIS,Substitut.,7        LBD,,*,841,2522,p.(Arg841,His),,,,high,,,Found in two unrelated families,Female,Ambiguous,pos in 1 fam,"Hiort et al. J Clin Endocrinol Metab, 77: 262-266, 1993",>A,3637,c.2522G,3637G
226,PAIS,Substitut.,7        LBD,,*,841,2522,p.(Arg841,His),,,zero,,,,  ,,,,"McPhaul et al. J Clin Inv, 90: 2097, 1992",>A,3637,c.2522G,3637G
227,PAIS,Substitut.,7        LBD,,*,841,2522,p.(Arg841,His),,,normal,normal,,*,In same fam. persons raised as males with ambiguous genitalia ,Female,Ambiguous ,pos,"Imasaki et al. Eur J Endorinol, 130: 569-574, 1994",>A,3637,c.2522G,3637G
228,PAIS,Substitut.,7        LBD,,*,841,2522,p.(Arg841,His),,,low,,,,,,,,"Lumbroso et al. Eur J
Endorinol 130: 327,
1994",>A,3637,c.2522G,3637G
229,PAIS,Substitut.,7        LBD,,*,841,2522,p.(Arg841,His),,,low,,,,,,,,"Imai et al. Annals of Clinical Biochem, 32: 
482-486, 1995
.",>A,3637,c.2522G,3637G
230,PAIS,Substitut.,7        LBD,,*,841,2522,p.(Arg841,His),,,,,,,,,,,"Ghirri & Brown.
Pediatr Res 33: 
Abstr.95, 1993",>A,3637,c.2522G,3637G
231,PAIS,Substitut.,7        LBD,*,*,841,2522,p.(Arg841,His),,,low,high,high,,,, ,,"Marcelli et al. J Clin Invest 94: 1642-1650, 1994",>A,3637,c.2522G,3637G
232,PAIS,Substitut.,7        LBD,*,*,841,2522,p.(Arg841,His),,,normal,high,,*,,Female,Ambiguous ,pos,"Weidemann et al. Clin
Endocrinology 45: 733 -
739, 1996",>A,3637,c.2522G,3637G
223,PAIS,Substitut.,7        LBD,*,*,841,2522,p.(Arg841,His),,,low,high,,,,Female,Ambiguous ,,"De Bellis et al. J Clin Endrcrinol Metab, 78: 513, 1994",>A,3637,c.2522G,3637G
668,PAIS,Substitut.,7        LBD,,*,841,2522,p.(Arg841,His),,,,,,,Somatic mosaicism ,Male,Ambiguous ,,"Kohler et al. J Clin Endocrinol Metab 90: 106-111, 2005",>A,3637,c.2522G,3637G
415,PAIS,Substitut.,7        LBD,,,841,2521,p.(Arg841,Ser),25,,,,,,Testis located in inguinal region. same family as 0832,Male,Ambiguous ,,"Melo et al. J Clin Endorinol & Metab 88: 3241-3250, 2003",>A,3636,c.2521C,3636C
626,PAIS,Substitut.,7        LBD,,,841,2521,p.(Arg841,Ser),,,,,,,Diagnosis  at 6.5 yr. Reassigned as male after testosterone ,Female,Ambiguous ,,"Mazen et al. J Endocrinol Invest. 27: 57-60, 2004",>A,3636,c.2521C,3636C
832,PAIS,Substitut.,7        LBD,,,841,2521,p.(Arg841,Ser),,,,,,,Testis located in inguinal region. same family as 0415,Male,Ambiguous ,,"Melo et al. Arq Bras Endocrinol Metab 49: 87-97, 2005 ",>A,3636,c.2521C,3636C
1008,PAIS,Substitut.,7        LBD,,*,841,2522,p.(Arg841,His),23,11,,,,,1 affected niece,Female,Ambiguous ,pos,"Audi et al. J Clin Endocrinol Metab 95: 1876-1888, 2010",>A,3637,c.2522G,3637G
233,PAIS,Substitut.,7        LBD,,,842,2525,p.(Ile842,Ser),,,low,high,,,,Female,Ambiguous ,,"Hiort et al. Am J Med Genet. 63: 218-222, 1996",>G,3640,c.2525T,3640T
234,CAIS,Substitut.,7        LBD,,,843,2528,p.(Ile843,Thr),,,normal,high,,,,Female,Normal ,pos,"Hiort et al. J Clin Endocrinol Metab, 77: 262-266, 1993",>C,3643,c.2528T,3643T
235,PAIS,Substitut.,7        LBD,*,,843,2528,p.(Ile843,Thr),,,low,high,,*,,Male,Ambiguous ,pos,"Weidemann et al Clin
Endocrinlogy 45: 733 - 739, 1996",>C,3643,c.2528T,3643T
591,CAIS,Substitut.,7        LBD,,,843,2528,p.(Ile843,Asn),,,,,,,Normal immunoreactive AR,Female,Normal ,,"Avila et al. J Clin Endocrinol Metab 87. 182-188, 2002",>A,3643,c.2528T,3643T
736,PAIS,Substitut.,7        LBD,,,844,2531,p.(Ala844,Glu),,,,,,,de novo mutation,Male,Ambiguous ,neg,"Ledig et al. Horm Res 63: 263-269, 2005",>A,3646,c.2531C,3646C
494,"Prostate
cancer",Substitut.,7        LBD,,,847,2539,p.(Arg847,Gly),,,,,,,Somatic mutation,Male,Normal ,,"Marcelli et al. Cancer Research 60: 944-949, 2000",>G,3654,c.2539A,3654A
236,CAIS,Insertion,7        LBD,,,849,2546,p.(Asn849,fs),,,zero,,,,1 nt insert frameshift & stop in codon 880 & loss of 44 AA's,Female,Normal ,,"Brinkmann et al. J 
Steroid Biochem Mol
Biol 53: 443, 1995",insA,3661,c.2546_2547,3661_3662
467,CAIS,Insertion,7        LBD,,,849,2546,p.(Asn849,fs),,,zero,,,,1 nt insert causes frameshift.,Female,Normal ,,"Ahmed et al. J Clin Endocrinol Metab 85: 658-665, 2000",insA,3661,c.2546_2547,3661_3662
854,CAIS,Insertion,7        LBD,,,849,,p.(Asn849,fs),,,,,,,"Frameshift & stop in Codon 880 Diag & bilat gonadect at 7y
",Female,Normal ,,"Cheikhelard et al. J Urol 180: 1496-1501, 2008",,,,
957,CAIS,Insertion,7        LBD,,,849,2546,p.(Asn849,fs),,,,,,,1 nt insert - frameshift & stop in Codon 880,Female,Normal ,neg,"Wu et al. Fertility & Sterility 93: 2076, e1-4, 2010",insA,3661,c.2546_2547,3661_3662
1096,CAIS,Substitut.,7        LBD,,,849,2548,p.(Asn,Lys),,,,,,,,Female,Normal ,,"Hughes et al. Semin Reprod Med 30: 432-442, 2012",,3663,c.2548T,3663T
237,CAIS ,Substitut.,7        LBD,,,854,2561,p.(Ser854,*),,,zero,,,,,Female,Normal ,,"Wilson et al. J Clin Endocrinol Metab, 75: 1474-8, 1992",>G,3676,c.2561C,3676C
238,CAIS ,Substitut.,7        LBD,,,854,2561,p.(Ser854,*),,,zero,,,,,Female,Normal ,,"Jakubiczka et al. Human Mutation 9: 57-61, 1997",>G,3676,c.2561C,3676C
793,CAIS,Deletion,7        LBD,,,854,2562,p.(Ser854,),,,,,,,2 nt deletion,Female,Normal ,,"Mueller et al. Hum Genet 119: 673, 2006",delAA,3677,c.2562_2563,3677_3678
239,PAIS,Substitut.,7        LBD,,,855,2564,p.(Arg855,Lys),,,low,,,*,,,,,"McPhaul et al. J Clin Inv, 90: 2097, 1992",>A,3679,c.2564G,3679G
1056,CAIS,Substitut.,7        LBD,,*,856,2566,p.(Arg856,Cys),,,,,,,,Female,Normal ,,"Vasu et al. Genet Test Mol Biomarkers 16:749-755, 2012",>T,3681,c.2566C,3681C
240,CAIS,Substitut.,7        LBD,,*,856,2566,p.(Arg856,Cys),,,zero,,,,,Female,Normal ,,"DeBellis et al. Mol Endocrinol 6: 1909-20, 1992",>T,3681,c.2566C,3681C
241,CAIS,Substitut.,7        LBD,,*,856,2566,p.(Arg856,Cys),,,,,,,,Female,Normal ,,"Tincello et al. J Endocrinol 132 Suppl, Abstr 87, 1992",>T,3681,c.2566C,3681C
242,CAIS,Substitut.,7        LBD,,*,856,2566,p.(Arg856,Cys),,,zero,,,,,Female,Normal ,,"McPhaul et al. J Clin Inv, 90: 2097, 1992",>T,3681,c.2566C,3681C
243,CAIS,Substitut.,7        LBD,,*,856,2566,p.(Arg856,Cys),,,,,,,,Female,Normal ,,"Loboccaro et al. Pediat
Res 33: Abstr 115, 1993",>T,3681,c.2566C,3681C
244,CAIS,Substitut.,7        LBD,*,*,856,2566,p.(Arg856,Cys),,,low,,,,,Female,Normal ,pos,"Morono et al. Human Mutation 6: 152-162.
1995",>T,3681,c.2566C,3681C
245,CAIS,Substitut.,7        LBD,,*,856,2566,p.(Arg856,Cys),,,zero,,,,,Female,Normal ,,"Sultan et al. J Steroid
Biochem & Mol Biol: 40
519, 1993",>T,3681,c.2566C,3681C
246,CAIS,Substitut.,7        LBD,,*,856,2566,p.(Arg856,Cys),,,,,,,,Female,Normal ,,"Brinkmann et al. J
Steroid Biochem & Mol
Biol  53: 443, 1995",>T,3681,c.2566C,3681C
247,CAIS,Substitut.,7        LBD,,*,856,2566,p.(Arg856,Cys),,,zero,,,,,Female,Normal ,,"Hiort et al. Am J Med Genet. 63: 218-222, 1996",>T,3681,c.2566C,3681C
248,CAIS,Substitut.,7        LBD,,*,856,2566,p.(Arg856,Cys),,,v low,high,,,,Female,Normal ,pos,"Malmgren et al.Clin
Genet. 50: 202-205, 1996",>T,3681,c.2566C,3681C
320,CAIS,Substitut.,7        LBD,,*,856,2566,p.(Arg856,Cys),,,,,,,,Female,Normal ,,"Komori et al: J Obstetrics & Gynocol. Res. 23: 277-81, 1997",>T,3681,c.2566C,3681C
468,CAIS,Substitut.,7        LBD,,*,856,2566,p.(Arg856,Cys),,,zero,,,,,Female,Normal ,,"Ahmed et al. J Clin Endocrinol Metab 85: 658-665, 2000",>T,3681,c.2566C,3681C
469,CAIS,Substitut.,7        LBD,,*,856,2566,p.(Arg856,Cys),,,normal,high,,,,Female,Normal ,,"Ahmed et al. J Clin Endocrinol Metab 85: 658-665, 2000",>T,3681,c.2566C,3681C
527,CAIS,Substitut.,7        LBD,*,*,856,2566,p.(Arg856,Cys),,,v low,high,,,,Female,Normal ,,"Elhaji et al. 83rd US Endo Soc Meeting, Abstr P2-37, 2001",>T,3681,c.2566C,3681C
592,CAIS,Substitut.,7        LBD,*,*,856,2566,p.(Arg856,Cys),,,,,,,v low immunoreactive AR,Female,Normal ,,"Avila et al. J Clin Endocrinol Metab 87. 182-188, 2002",>T,3681,c.2566C,3681C
640,CAIS,Substitut.,7        LBD,*,*,856,2566,p.(Arg856,Cys),19,,zero,,,,Testis located in abdomen Same family as 0833,Female,Normal ,pos,"Melo et al. J Clin Endorinol & Metab 88: 3241-3250, 2003",>T,3681,c.2566C,3681C
737,CAIS,Substitut.,7        LBD,,*,856,2566,p.(Arg856,Cys),,,,,,,de novo mutation,Female,Normal ,neg,"Ledig et al: Horm Res 63: 263-269, 2005",>T,3681,c.2566C,3681C
661,CAIS,Substitut.,7        LBD,,*,856,2567,p.(Arg856,His),,,,,,,Vas deferens present,Female,Normal ,,"Hannema et al. J Clin  Endocrinol Metab 89: 5815-5822, 2004",>A,3682,c.2567G,3682G
528,PAIS,Substitut.,7        LBD,*,*,856,2567,p.(Arg856,His),,,normal,high,,*,,Male,Ambiguous ,,"Elhaji et al. 83rd US Endo Soc Meeting, Abstr P2-37, 2001",>A,3682,c.2567G,3682G
684,CAIS,Substitut.,7        LBD,,*,856,2567,p.(Arg856,His),,,,,,,bilateral inguinal hernia,Female,Normal ,,"Bouvattier et al: J Clin Endorinol & Metab 87: 29-32, 2002",>A,3682,c.2567G,3682G
688,CAIS,Substitut.,7        LBD,,*,856,2567,p.(Arg856,His),,,,,,,Mother a heterozyote,Female,Normal ,,"Skordis et al. J Pediatr Endocrinol Metab 18: 309-313, 2005",>A,3682,c.2567G,3682G
745,PAIS,Substitut.,7        LBD,,*,856,2567,p.(Arg856,His),,,,,,,sibling of 0746,Male,Ambiguous ,pos,"Boehmer et al. J Clin Endocrinol Metab 86: 4151-4160, 2001",>A,3682,c.2567G,3682G
746,PAIS,Substitut.,7        LBD,,*,856,2567,p.(Arg856,His),,,normal,high,,,"niece of 0745 
also P392S",Female,Ambiguous ,pos,"Boehmer et al. J Clin Endocrinol Metab 86: 4151-4160, 2001",>A,3682,c.2567G,3682G
777,MAIS,Substitut.,7        LBD,,*,856,2567,p.(Arg856,His),,,,,,,Male infertility,Male,Normal ,,"Ferlin et al. Clin Endocrinol 65: 606-610, 2006
",>A,3682,c.2567G,3682G
641,PAIS,Substitut.,7        LBD,,,856,2567,p.(Arg856,His),19,,zero to normal,,,,Testis located in inguinal region,Male,Ambiguous ,neg,"Melo et al. J Clin Endorinol & Metab 88: 3241-3250, 2003",>A,3682,c.2567G,3682G
716,PAIS,Substitut.,7        LBD,,,856,2567,p.(Arg856,His),,,,high,,,,Male,Ambiguous ,,"Deeb et al. Clinical Endocrinology 63: 56-62, 2005",>A,3682,c.2567G,3682G
251,PAIS,Substitut.,7        LBD,,*,856,2567,p.(Arg856,His),,,normal,high,,,,,,,"Chang et al. 73rd Endo Soc Meeting, Abstr 28, 1991",>A,3682,c.2567G,3682G
252,PAIS,Substitut.,7        LBD,*,*,856,2567,p.(Arg856,His),,,normal,high,,*,Servere hypospadia,Male,Ambiguous ,pos,"Batch et al. Hum Mol Genet, 1: 497, 1992",>A,3682,c.2567G,3682G
253,PAIS,Substitut.,7        LBD,,*,856,2567,p.(Arg856,His),,,,,,,,Male,Ambiguous ,,Hiort et al. Am J Med Genet. 63: 218-222. 1996,>A,3682,c.2567G,3682G
254,PAIS,Substitut.,7        LBD,*,*,856,2567,p.(Arg856,His),,,zero,,,,,Female,Ambiguous ,pos,"Weidemann et al. Clin
Endocrinology 45: 733 -
739, 1996",>A,3682,c.2567G,3682G
255,PAIS,Substitut.,7        LBD,*,*,856,2567,p.(Arg856,His),,,low,high,norm,,,Female,Ambiguous,,"Marcelli et al. J Clin Invest, 94: 1642-1650, 1994",>A,3682,c.2567G,3682G
301,PAIS,Substitut.,7        LBD,,*,856,2567,p.(Arg856,His),14,,,,,,"Brother of 0302
somatic & germ-line muts. in mother",Male,Ambiguous ,pos,"Boehmer et al. Am J Hum Genetics 60: 1003-6, 1997",>A,3682,c.2567G,3682G
250,PAIS,Substitut.,7        LBD,,*,856,2567,p.(Arg856,His),,,zero,,,,,Female,Ambiguous ,,"Weidemann et al. Clin Endorinology 45: 733-739, 1996",>A,3682,c.2567G,3682G
302,PAIS,Substitut.,7        LBD,*,*,856,2567,p.(Arg856,His),14,,,,,,Sister of 0301. somatic & germ-line muts. in mother,Female,Ambiguous ,pos,"Boehmer et  al. Am J Hum Genetics 60: 1003-6, 1997",>A,3682,c.2567G,3682G
249,CAIS,Substitut.,7        LBD,,*,856,2567,p.(Arg856,His),,,low,,,,,Female,Normal ,,"McPhaul et al. J Clin Invest. 90: 2097, 1992",>A,3682,c.2567G,3682G
344,PAIS,Substitut.,7        LBD,,*,856,2567,p.(Arg856,His),28,,zero to normal,,,,Sex changed at 1yr Male to female - Same family as 0834,Female,Ambiguous ,pos,"Melo et al. J Clin Endorinol & Metab 88: 3241-3250, 2003
",>A,3682,c.2567G,3682G
833,CAIS,Substitut.,7        LBD,,*,856,2566,p.(Arg856,Cys),,,,,,,gonads located in abdomen. Same family as 0604,Female,Normal ,,"Melo et al. Arq Bras Endocrinol Metab 49: 87-97, 2005 ",>T,3681,c.2566C,3681C
834,PAIS,Substitut.,7        LBD,,*,856,2567,p.(Arg856,His),,,,,,,Same family as 0344,Male,Ambiguous ,pos,"Melo et al. Arq Bras Endocrinol Metab 49: 87-97, 2005 ",>A,3682,c.2567G,3682G
866,CAIS,Substitut.,7        LBD,,*,856,2566,p.(Arg856,Cys),,,,,,,Diagnosis at 3 wks,Female,Normal ,,"Cheikhelard et al. J Urol 180: 1496-1501, 2008",>T,3681,c.2566C,3681C
998,CAIS,Substitut.,7        LBD,,*,856,2567,p.(Arg856,His),20,14,,,,,1 affected aunt; mother & 2 aunts heterozygotes,Female,Normal ,pos,"Audi et al. J Clin Endocrinol Metab 95: 1876-1888, 2010",>A,3682,c.2567G,3682G
1009,PAIS,Substitut.,7        LBD,,*,856,2567,p.(Arg856,His),18,17,,,,," 1 affected sister, mot & 2 aunts heterozygote  carriers ",Female,Ambiguous ,pos,"Audi et al. J Clin Endocrinol Metab 95: 1876-1888, 2010",>A,3682,c.2567G,3682G
470,CAIS,Substitut.,7        LBD,,,857,2571,p.(Phe857,Leu),,,,,,,,Female,Normal ,,"Ahmed et al. J Clin Endocrinol Metab 85: 658-665, 2000",>G,3686,c.2571C,3686C
662,CAIS,Substitut.,7        LBD,,,857,2571,p.(Phe857,Leu),,,,,,,Also S866P-twin of 0663,Female,Normal ,pos,"Hannema et al. J Clin  Endocrinol Metab 89: 5815-5822, 2004",>G,3686,c.2571C,3686C
663,CAIS,Substitut.,7        LBD,,,857,2571,p.(Phe857,Leu),,,,,,,Also S866P-twin of 0662,Female,Normal ,pos,"Hannema et al. J Clin  Endocrinol Metab 89: 5815-5822, 2004",>G,3686,c.2571C,3686C
356,CAIS,Substitut.,7        LBD,,,858,,p.(Tyr858,*),,,,,,,de novo mutation,Female,Normal ,neg,"Hiort et al. J Pediatrics 132: 939-943, 1998",,,,
941,CAIS,Duplicat.,7        LBD,,,858,2573,p.(Tyr858,*),,,,,,,1nt  duplicatn resulted  in stop codon. Mother & sister carriers ,Female,Normal ,pos,"Turek-Plewa et al. Hum Genet 125: 341, 2009",dupA,3688,c.2573,3688
753,CAIS,Substitut.,7        LBD,*,,860,2578,p.(Leu860,Phe),,,v low,,,,In silico analysis showed effect on ligand-binding pocket,Female,Normal ,,"Rajender et al. J Andrology 28: 772-6, 2007",>T,3693,c.2578C,3693C
867,CAIS,Substitut.,7        LBD,,,861,2582,p.(Thr861,Asn),,,,,,,Diagnosis at birth bilateral gonadectomy at 15yrs,Female,Normal ,,"Cheikhelard et al. J Urol 180: 1496-1501, 2008",>A,3697,c.2582C,3697C
1097,CAIS,Substitut.,7        LBD,,,861,2582,p.(Thr861,Ile),,,,,,,"
",Female,Normal ,,"Hughes et al. Semin Reprod Med 30: 432-442, 2012",>T,3697,c.2582C,3697C
256,CAIS,Substitut.,7        LBD,,,864,2591,p.(Leu864,Arg,,,,,,,,Female,Normal ,,"Brown et al. Eur J
Pediatr 152: (Suppl 2)
S62, 1993",>G,3706,c.2591T,3706T
257,CAIS,Substitut.,7        LBD,*,,865,2593,p.(Asp865,Asn),,,low,,,,Transactivation activity increases with horm. concentration,Female,Normal ,,"Bevan et al. J Steroid Biochem Mole Biol 61: 19-26, 1997",>A,3708,c.2593G,3708G
471,CAIS,Substitut.,7        LBD,,,865,2593,p.(Asp865,Asn),,,,,,,Epididymis & vas deferens present,Female,Normal ,,"Hannema et al. J Clin  Endocrinol Metab 89: 5815-5822, 2004",>A,3708,c.2593G,3708G
472,CAIS,Substitut.,7        LBD,,,865,2594,p.(Asp865,Gly),,,zero,,,,Woolfian remnants present,Female,Normal ,,"Hannema et al. J Clin  Endocrinol Metab 89: 5815-5822, 2004",>G,3709,c.2594A,3709A
258,CAIS,Substitut.,7        LBD,*,,865,2594,p.(Asp865,Gly),,,zero,,,,,Female,Normal ,,"DeBellis et al. Mol Endocrinol, 6: 1909-20, 1992",>G,3709,c.2594A,3709A
486,CAIS,Substitut.,7        LBD,,,866,2596,p.(Ser866,Pro),,,,,,,,Female,Normal ,,"Ahmed et al. J Clin Endocrinol Metab 85: 658-665, 2000",>C,3711,c.2596T,3711T
560,CAIS,Substitut.,7        LBD,,,866,2596,p.(Ser866,Pro),,,,,,,de novo mut. also Phe857Leu mut -no effect horm binding,Female ,Normal ,pos,"Mongan et al. J Clin Endocrinol Metab 87: 1057-1061, 2002",>C,3711,c.2596T,3711T
345,PAIS,Substitut.,7        LBD,,,867,2599,p.(Val867,Leu),25 ,,normal,high,,,,Male,Ambiguous ,,"Saunders et al. Clin Endocrinol, 37: 214, 1992",>T,3714,c.2599G,3714G
260,PAIS,Substitut.,7        LBD,*,,867,2599,p.(Val867,Leu),,,normal,high,,,,Male,Ambiguous ,pos,"Kazemi-Esfarjani et al. Mol Endocrinol, 7: 37-46, 1993",>T,3714,c.2599G,3714G
261,PAIS,Substitut.,7        LBD,,,867,2599,p.(Val867,Leu),,,,high,,,,Male,Ambiguous ,pos,"Hiort et al. J Clin Endocrinol Metab, 77: 262-266, 1993",>T,3714,c.2599G,3714G
262,PAIS,Substitut.,7        LBD,*,,867,2599,p.(Val867,Leu),,,zero,,,,,, ,,"Merkabi et al. 75th US
Endo Soc Meeting
Abstr 602, 1993",>T,3714,c.2599G,3714G
263,CAIS,Substitut.,7        LBD,*,*,867,2599,p.(Val867,Met),20,16,normal,high,,,,Female,Normal ,,"Kazemi-Esfarjani et al. Mol Endocrinol, 7: 37-46, 1993",>A,3714,c.2599G,3714G
264,CAIS,Substitut.,7        LBD,*,*,867,2599,p.(Val867,Met),,,normal,high,,,,Female,Normal ,,"Weidemann et al. Clin
Endocrinology 45: 733 -
739, 1996",>A,3714,c.2599G,3714G
265,CAIS,Substitut.,7        LBD,,*,867,2599,p.(Val867,Met),,,normal,high,,*,,Female,Normal , ,"Lubahn et al. Proc Natl Acad Sci. 86: 9534, 1989",>A,3714,c.2599G,3714G
266,PAIS,Substitut.,7        LBD,,*,867,2599,p.(Val867,Met),,,,,,*,,, ,,"McPhaul et al. J Clin Inv, 90: 2097, 1992",>A,3714,c.2599G,3714G
267,PAIS,Substitut.,7        LBD,,*,867,2599,p.(Val867,Met),,,,high,,*,de novo mutation - mosaic 2 functionally diff AR's,Female,Ambiguous ,neg,"Hiort et al. J Pediatrics
132: 939- 943, 1998",>A,3714,c.2599G,3714G
373,Prostate cancer,Substitut.,7        LBD,,*,867,2599,p.(Val867,Met),,,,,,,Somatic mutation,Male,Normal ,,"Takahashi et al. Cancer Research 55: 1621-1624, 1995",>A,3714,c.2599G,3714G
473,CAIS,Substitut.,7        LBD,,*,867,2599,p.(Val867,Met),,,,,,,Vas deferens present,Female,Normal , ,"Hannema et al. J Clin  Endocrinol Metab 89: 5815-5822, 2004",>A,3714,c.2599G,3714G
474,CAIS,Substitut.,7        LBD,,*,867,2599,p.(Val867,Met),,,zero,,,,Woolfian remnants present,Female,Normal , ,"Hannema et al. J Clin  Endocrinol Metab 89: 5815-5822, 2004",>A,3714,c.2599G,3714G
475,CAIS,Substitut.,7        LBD,,*,867,2599,p.(Val867,Met),,,zero,,,,Epididymis present,Female,Normal , ,"Hannema et al. J Clin  Endocrinol Metab 89: 5815-5822, 2004",>A,3714,c.2599G,3714G
607,CAIS,Substitut.,7        LBD,,*,867,2599,p.(Val867,Met),,,zero,,,,,Female,Normal ,,"Holterhaus et al. Genome Biology 4: R37
2003",>A,3714,c.2599G,3714G
738,PAIS,Substitut.,7        LBD,,*,867,2599,p.(Val867,Met),,,,,,,,Female,Normal ,neg,"Ledig et al: Horm Res 63: 263-269, 2005",>A,3714,c.2599G,3714G
739,CAIS,Substitut.,7        LBD,,*,867,2599,p.(Val867,Met),,,,,,,,Female,Normal ,neg,"Ledig et al: Horm Res 63: 263-269, 2005",>A,3714,c.2599G,3714G
574,"Prostate
Cancer",Substitut.,7        LBD,,*,867,2599,p.(Val867,Met),,,,,,,Somatic mutation. + orchiectomy treatment Horm-refractory CaP,Male,Normal ,,"Hyytinen et al. Lab Invest. 82: 1591-1598, 2002",>A,3714,c.2599G,3714G
778,MAIS,Substitut.,7        LBD,,*,867,2599,p.(Val867,Met),,,,,,,Male infertility,Male,Normal ,,"Ferlin et al. Clin Endocrinol 65: 606-610, 2006",>A,3714,c.2599G,3714G
268,CAIS,Substitut.,7        LBD,,,867,2600,p.(Val867,Glu),,,,,,,,Female,Normal ,,"McPhaul et al. J Clin Inv, 90: 2097, 1992",>A,3715,c.2600T,3715T
855,CAIS,,7        LBD,,,867,,p.(Val867,fs),,,,,,,"Frameshift & stop in Codon 876 Diag 15yr
Bilat gonadect at 16y",Female,Normal ,pos,"Cheikhelard et al. J Urol 180: 1496-1501, 2008",,,,
856,CAIS,,7        LBD,,,867,,p.(Val867,fs),,,,,,,Frameshift & stop in Codon 876 Diag & Bilat gonadect at 11yr,Female,Normal ,pos,"Cheikhelard et al. J Urol 180: 1496-1501, 2008",,,,
259,PAIS,Substitut.,7        LBD,,,867,2599,p.(Val867,Leu),21,,normal,high,,,,Male,Ambiguous ,pos,"Saunders et al. Clin Endocrinol 37: 214, 1992",>T,3714,c.2599G,3714G
851,CAIS,Substitut.,7        LBD,,,868,2602,p.(Gln868,*),,,,,,,Diag at 2.5 yr,Female,Normal ,pos,"Cheikhelard et al. J Urol 180: 1496-1501, 2008",>T,3717,c.2602C,3717C
852,CAIS,Substitut.,7        LBD,,,868,2602,p.(Gln868,*),,,,,,,Diag at 2 wk,Female,Normal ,pos,"Cheikhelard et al. J Urol 180: 1496-1501, 2008",>T,3717,c.2602C,3717C
940,"Prostate
Cancer",Substitut.,7        LBD,,,868,2602,p.(Gln868,*),,,,,,,Both treated and untreated Occurred in 2 cases,Male,Normal ,,"Steinkamp et al. Cancer Res 69: 4434-4442, 2009",>T,3717,c.2602C,3717C
1054," Female
Breast  Caner",Substitut.,7        LBD,,,868,2604,p.(Gln868,His,,,,,,,MDA-MB-453 breast cancer cell line reduced sensi to DHT,Female,Normal ,,"Moore et al. Endocr Related Cancer 19:599-613, 2012",>T,3719,c.2604G,3719G
601,CAIS,Insertion,7        LBD,,,869,,p.(Pro869,),,,,,,,3 base insertion (ATG) at codon 869 ,Female,Normal ,,"Scheiber et al. J Pediatric Endo Metab 16: 367-373, 2003",insATG,,,
269,PAIS,Substitut.,8        LBD,*,,870,2610,p.(Ile870,Met),,,normal,high,,*,Hypospadia,Male,Ambiguous ,pos,"Bevan et al. Hum Mol Genet 5:  265-273, 1996",>G,3725,c.2610T,3725T
718,PAIS,Substitut.,8        LBD,,,870,2610,p.(Ile870,Met),,,,high,,,,Male,Ambiguous ,pos,"Deeb et al. Clinical Endocrinology 63: 56-62, 2005",>G,3725,c.2610T,3725T
270,PAIS,Substitut.,8        LBD,,*,871,2612,p.(Ala871,Val),,,,,,,Found in two unrelated families,Male,Ambiguous ,,"Hiort et al. Eur J Pediatr, 153: 317, 1994",<T,3727,c.2612C,3727C
315,PAIS,Substitut.,8        LBD,,,871,2612,p.(Ala871,Gly),,,,,,,Servere hypospadias,Male,Ambiguous ,,"Albers et al. J of Pediatrics 131: 388-392, 1997",>G,3727,c.2612C,3727C
271,PAIS,Substitut.,8        LBD,,*,871,2612,p.(Ala871,Gly),,,,,,,de novo mutation,Female,Ambiguous ,neg,"Hiort et al. J Pediatrics
132: 939- 943, 1998",>G,3727,c.2612C,3727C
562,MAIS,Substitut.,8        LBD,,*,871,2612,p.(Ala871,Gly),,,,,,,"bilateral gynecomastia
normal fertility",Male,Normal ,,"Zenteno et al. Horm Res 57: 90-93, 2002",>G,3727,c.2612C,3727C
794,CAIS ?,Deletion,8        LBD,,,871,2613,p.(Ala87l,),,,,,,,1 nt deletion,,,,"Mueller et al. Hum Genet 119: 673, 2006",delG,3728,c.2613,3728
951,PAIS,Substitut.,8        LBD,,*,871,2612,p.(Ala871,Val),,,,,,,Micropenis only- Hetrozygous for SRD5A2 V89L,Male,Ambiguous ,,"Bhangoo et al. Asian J Androl 12: 561-566, 2010",>T,3727,c.2612C,3727C
1010,PAIS,Substitut.,8        LBD,,*,871,2612,p.(Ala871,Val),25,11,,,,,,Male,Ambiguous ,neg,"Audi et al. J Clin Endocrinol Metab 95: 1876-1888, 2010",>T,3727,c.2612C,3727C
1098,PAIS,Substitut.,8        LBD,,*,871,2612,p.(Ala871,Val),,,,,,,,,,,"Hughes et al. Semin Reprod Med 30: 432-442, 2012",>T,3727,c.2612C,3727C
1099,PAIS,Substitut.,8        LBD,,*,871,2612,p.(Ala871,Glu),,,,,,,,,,,"Hughes et al. Semin Reprod Med 30: 432-442, 2012",>A,3727,c.2612C,3727C
272,MAIS,Substitut.,8        LBD,*,,872,2614,p.(Arg872,Gly),26,24,normal,normal,norm,,Gynocomastia & oligospermia,Male,Normal ,,"Shkolny et al. J Clin Endocrinol Metab 84: 805-810, 1999",>G,3729,c.2614A,3729A
696,Prostate cancer,Substitut.,8        LBD,*,,873,2617,p.(Glu873,Gln),24,,normal,normal,,,"Activated by estrodiol, progesterone & CPA
w N-CoR > inhibition",Male,Normal ,,"Chen et al. The Prostate 63: 395-406, 2005",>C,3732,c.2617G,3732G
273,Prostate cancer,Substitut.,8        LBD,,,875,2623,p.(His875,Tyr),,,,,,,Som mut- stimulated by progesterone & oestrogen,Male,Normal ,,"Taplin et al. New England J Med 332: 1393-1398, 1995",>T,3738,c.2623C,3738C
274,Prostate cancer,Substitut.,8        LBD,,,875,2623,p.(His875,Tyr),,,,,,,Somatic mutation,Male,Normal ,,"Tan et al. J of Urology 155: 340A, 1996",>T,3738,c.2623C,3738C
538,CAIS,Substitut.,8        LBD,,,875,2624,p.(His875,Arg),,,zero,,,,,Female,Normal ,,"Chavez et al. J Hum Genet. 46: 560-565, 2001",>G,3739,c.2624A,3739A
868,CAIS,Substitut.,8        LBD,,,875,2624,p.(His875,Arg),,,,,,,Prenatal diagnosis,Female,Normal ,pos,"Cheikhelard et al. J Urol 180: 1496-1501, 2008",>G,3739,c.2624A,3739A
869,CAIS,Substitut.,8        LBD,,,875,2624,p.(His875,Arg),,,,,,,Prenatal diagnosis,Female,Normal ,pos,"Cheikhelard et al. J Urol 180: 1496-1501, 2008",>G,3739,c.2624A,3739A
870,CAIS,Substitut.,8        LBD,,,875,2624,p.(His875,Arg),,,,,,,Diagnosis at 2mo bilateral gnadectomy at 16yrs,Female,Normal ,pos,"Cheikhelard et al. J Urol 180: 1496-1501, 2008",>G,3739,c.2624A,3739A
871,CAIS,Substitut.,8        LBD,,,875,2624,p.(His875,Arg),,,,,,,Diagnosis at 1yr bilateral gonadectomy at 15yrs,Female,Normal ,pos,"Cheikhelard et al. J Urol 180: 1496-1501, 2008",>G,3739,c.2624A,3739A
872,CAIS,Substitut.,8        LBD,,,875,2624,p.(His875,Arg),,,,,,,Diagnosis at 7 yrs bilateral gonadectomy at 14yrs,Female,Normal ,pos,"Cheikhelard et al. J Urol 180: 1496-1501, 2008",>G,3739,c.2624A,3739A
873,CAIS,Substitut.,8        LBD,,,875,2624,p.(His875,Arg),,,,,,,Prenatal diagnosis & bilateral gonadectomy at 14yrs,Female,Normal ,pos,"Cheikhelard et al. J Urol 180: 1496-1501, 2008",>G,3739,c.2624A,3739A
275,LNCaP cell line,Substitut.,8        LBD,,,878,2632,p.(Thr878,Ala),,,,,,,Altered binding specificity - somatic mutation ,Male,Normal ,,"Veldscholte et al. Biochem Biophys Res Comm, 172: 534, 1990",>G,3747,c.2624A,3747A
276,Prostate cancer,Substitut.,8        LBD,,,878,2632,p.(Thr878,Ala),,,,,,,"Somatic mutation 1/8
endocrine resistant therapy cases",Male,Normal ,,"Suzuki et al. J Steroid Biochem Molec Biol 46: 759, 1993",>G,3747,c.2624A,3747A
277,"Prostate
cancer",Substitut.,8        LBD,,,878,2632,p.(Thr878,Ala),,,,,,,6 out of 24 patients screened - somatic mutation,Male,Normal ,,"Gaddipati et al. Cancer Res,
54: 2861-2864, 1994",>G,3747,c.2624A,3747A
278,Prostate cancer,Substitut.,8        LBD,,,878,2632,p.(Thr878,Ala),,,,,,,3 out of 22 cases in metastatic tissue  -somatic mutation,Male,Normal ,,"Suzuki et al.  Prostate 
29: 153-158, 1996",>G,3747,c.2624A,3747A
279,Prostate cancer,Substitut.,8        LBD,,,878,2632,p.(Thr878,Ala),,,,,,,Somatic mutation in bone metasteses of Prostate cancer,Male,Normal ,,"Kleinerman et al. J of Urology 155: 624A, 1996",>G,3747,c.2624A,3747A
432,Prostate cancer,Substitut.,8        LBD,,,878,2632,p.(Thr878,Ala),,,,,,,Som mut found in 5 of 16 patients treated with flutamide,Male,Normal ,,"Taplin et al. Cancer Research 59: 2511-2515
1999",>G,3747,c.2624A,3747A
603,Prostate cancer,Substitut.,8        LBD,,,878,2632,p.(Thr878,Ala),,,,,,,Somatic mutation - flutamide treated,Male,Normal ,,"Taplin et al. J Clinical Oncology 21: 2673-2678, 2003",>G,3747,c.2624A,3747A
604,Prostate cancer,Substitut.,8        LBD,,,878,2632,p.(Thr878,Ala),,,,,,,Somatic mutation - flutamide treated,Male,Normal ,,"Taplin et al. J Clinical Oncology 21: 2673-2678, 2003",>G,3747,c.2624A,3747A
647,Prostate cancer,Substitut.,8        LBD,*,,878,2632,p.(Thr878,Ala),,,,,,,+Q641*- late stage disease- som mut -transactivates,Male,Normal ,,"Ceraline et al. Intl J Cancer 108: 152-157, 2003",>G,3747,c.2624A,3747A
280,"Prostate
cancer",Substitut.,8        LBD,*,,878,2633,p.(Thr878,Ser),,,,,,,Som mut. in 86% of isolates.Stimulated by estrogen & progester,Male,Normal ,,"Taplin et al: New England J Med 332: 1393-1398, 1995",>G,3748,c.2633C,3748C
1026,AIS,Substitut.,8        LBD,,,878,2633,p.(Thr878,Ile),,,,,,,,,,,"Mueller et al.  Hum Gen 127: 479, 2010",>T,3748,c.2633C,3748C
539,PAIS,Substitut.,8        LBD,,,880,2638,p.(Asp880,Tyr),,,normal,,,,,Male,Ambiguous ,,"Chavez et al. J Hum Genet. 46: 560-565, 2001",>T,3753,c.2638G,3753G
553,Prostate cancer,Substitut.,8        LBD,,,880,2639,p.(Asp880,Gly),,,,,,,Treated with bicalumatide - somatic mutatation,Male,Normal ,,"Taplin et al. J Clinical Oncology 21: 2673-2678, 2003",>C,3754,c.2639A,3754A
281,CAIS,Substitut.,8        LBD,,,882,2644,p.(Leu882,Val),,,,,,,Somatic instabilty in polyglutamine tract,Female,Normal ,pos,"Davies et al. Clinical Endocrinology 43: 69-77, 1995",>G,3759,c.2644C,3759C
1100,PAIS,Substitut.,8        LBD,,,882,2644,p.(Leu882,Ile),,,,,,,,,,,"Hughes et al. Semin Reprod Med 30: 432-442, 2012",>A,3759,c.2644C,3759C
829,CAIS,Substitut.,8        LBD,,,882,2645,p.(Leu882,Pro),,,,,,,,Female,Normal ,neg,Galani et al. Fertility & Sterility 2008,>C,3760,c.2645T,3760T
282,CAIS,Substitut.,8        LBD,,,884,2650,p.(Lys884,*),,,zero,,,,,Female,Normal ,pos,"Trifiro et al. Am J Med Genet, 40: 493, 1991",>T,3765,c.2650A,3765A
623,CAIS,Substitut.,8        LBD,,,885,2654,p.(Ser885,*),23,,v low,,,,,Female,Normal ,,"MacLean et al. Hum Mutat. 23: 287, 2004",>G,3769,c.2654C,3769C
283,MAIS,Substitut.,8        LBD,*,,887,2659,p.(Met887,Val),23,23,normal,normal,norm,,"Oligospermia-50% red. in transactivation
",Male,Normal ,,"Ghadessy et al. J. Clin. Endocrinol. 103: 1517-1525, 1999",>G,3774,c.2659A,3774A
309,MAIS,Substitut.,8        LBD,*,,887,2659,p.(Met887,Val),21,24,normal,normal,norm,,"Oligospermia-50% red. in transactivation
",Male,Normal ,,"Ghadessy et al. J. Clin. Endocrinol. 103: 1517-1525, 1999",>G,3774,c.2659A,3774A
803,"Liver 
cancer",Substitut.,8        LBD,*,,887,2659,p.(Met887,Val),21,24,,,,,"Som mut ? + T1034G in 5'UTR. found in tum & non-tumorous
",Male,Normal ,,"Yeh et al. Int J Cancer 120: 1610-1617, 2007",>G,3774,c.2659A,3774A
697,Prostate cancer,Substitut.,8        LBD,*,,887,2661,p.(Met887,Ile),21,,normal,normal,,,"Increased response to TIF-2 & CBP w DHT
w N-CoR > inhibition",Male,Normal ,,"Chen et al. The Prostate 63: 395-406, 2005",>A,3776,c.2661G,3776G
593,PAIS,"Substitut.
",8        LBD,,*,889,2667,p.(Ser889,Lys),,,,,,,no immunoreactive AR,Female,Normal ,,Avila et al. J Clin Endocrinol Metab 87. 182-188. 2002,delinsAG,3782,c.2667_2668,3782_3783
533,PAIS,Substitut./ Splice,8        LBD,,*,889,2667,p.(Ser889,),21,24,v low,normal,,,"silent mut.-part exon 8+ part of 3' untransl
also small amt. wt AR",Male,Ambiguous ,,"Hellwinkel et al. J Clin Endocrinol Metab 86: 2569-2575, 2001",>T,3782,c.2667C,3782C
540,PAIS,Substitut/Splice,8        LBD,,*,889,2667,p.(Ser889,),,,normal,,,,silent mutation,Male,Ambiguous ,,"Chavez et al. JHum Genet. 46: 560-565
2001",>T,3782,c.2667C,3782C
1011,PAIS,Substitut.,8        LBD,,*,889,2667,p.(Ser889,),23,17,zero,zero,,,mother heterozygote carrier,Female,Ambiguous ,pos,"Audi et al. J Clin Endocrinol Metab 95: 1876-1888, 2010",>T,3782,c.2667C,3782C
1012,PAIS,Substitut.,8        LBD,,*,889,2667,p.(Ser889,),25,18,,,,,,Female,Ambiguous ,neg,"Audi et al. J Clin Endocrinol Metab 95: 1876-1888, 2010",>T,3782,c.2667C,3782C
284,CAIS,Substitut.,8        LBD,,*,890,2668,p.(Val890,Met),,,zero,,,,,Female,Normal ,,"Pinsky et al. Clin Inv Med, 15: 456, 1992",>A,3783,c.2668G,3783G
285,PAIS,Substitut.,8        LBD,*,*,890,2668,p.(Va890,Met),,,low,normal,,,,Female,Ambiguous ,,"De Bellis et al. J Clin Endocrinol Metab, 78: 513, 1994",>A,3783,c.2668G,3783G
321,PAIS,Substitut.,8        LBD,,*,890,2668,p.(Val890,Met),,,,,,,,Female,Normal ,,"Essawi et al. Disease Markers 13: 99-105, 1997",>A,3783,c.2668G,3783G
476,CAIS,Substitut.,8        LBD,,*,890,2668,p.(Val890,Met),,,low,normal,,,,Female,Normal ,,"Ahmed et al. J Clin Endocrinol Metab 85: 658-665, 2000",>A,3783,c.2668G,3783G
624,CAIS,Substitut.,8        LBD,,*,890,2668,p.(Val890,Met),22,,low,,,,,Female,Normal ,,"MacLean et al. Hum Mutat. 23: 287, 2004",>A,3783,c.2668G,3783G
740,CAIS,Substitut.,8        LBD,,*,890,2668,p.(Val890,Met),,,,,,,,Female,Normal ,neg,"Ledig et al: Horm Res 63: 263-269, 2005",>A,3783,c.2668G,3783G
999,CAIS,Substitut.,8        LBD,,*,890,2668,p.(Val890,Met),21,17,,,,,"1 sister affected; mother heterozygote;
2 aunts wt",Female,Normal ,pos,"Audi et al. J Clin Endocrinol Metab 95: 1876-1888, 2010",>A,3783,c.2668G,3783G
1013,PAIS,Substitut.,8        LBD,,*,890,2668,p.(Val890,Met),18,14,,,,,,Male,Ambiguous ,neg,"Audi et al. J Clin Endocrinol Metab 95: 1876-1888, 2010",>A,3783,c.2668G,3783G
433,Prostate cancer,Substitut.,8        LBD,,*,891,2671,p.(Asp891,Asn),,,,,,,"Mutation also found in peripheral blood
",Male,Normal ,,"Taplin et al. Cancer Research 59: 2511-2515, 1999",>A,3786,c.2671G,3786G
1102,CAIS,Substitut.,8        LBD,,,893,2676,p.(Pro893,Thr,,,,,,,,Female,Normal ,,"Hughes et al. Semin Reprod Med 30: 432-442, 2012",>A,3791,c.2676C,3791C
389,CAIS,Substitut.,8        LBD,*,,893,2677,p.(Pro893,Ser),26,,low,high,,,Reduced transactivation,Female,Normal ,neg,"Peters et al. Mol & Cellular Endocrinol. 148: 47-53, 1999",>T,3792,c.2677C,3792C
375,CAIS,Substitut.,8        LBD,,,893,2678,p.(Pro893,Leu),,,,,,,Mutation found in two siblings,Female,Normal ,pos,"Knoke et al. Human Mutation 12: 220, 1998",>T,3793,c.2678C,3793C
413,CAIS,Substitut.,8        LBD,,,893,2678,p.(Pro893,Leu),,,,,,,,Female,Normal ,,"Kanayama et al. Int J Urology 6: 327-330, 1999",>T,3793,c.2678C,3793C
741,CAIS,Substitut.,8        LBD,,,893,2678,p.(Pro893,Leu),,,,,,,,Female,Normal ,,"Ledig et al: Horm Res 63: 263-269, 2005",>T,3793,c.2678C,3793C
742,CAIS,Substitut.,8        LBD,,,893,2678,p.(Pro893,Leu),,,,,,,,Female,Normal ,,"Ledig et al: Horm Res 63: 263-269, 2005",>T,3793,c.2678C,3793C
1101,CAIS,Substitut.,8        LBD,,,893,2678,p.(Pro893,Leu),,,,,,,,Female,Normal ,,"Hughes et al. Semin Reprod Med 30: 432-442, 2012",>T,3793,c.2678C,3793C
795,CAIS,Deletion,8        LBD,,,895,2683,p.(Met895,del),,,,,,,3 nt deletion,Female,Normal ,,"Mueller et al. Hum Genet 119: 672, 2006",delATG,3798,c.2683-2685,3798-3800
766,Prostate cancer,Substitut.,8        LBD,,,896,2686,p.(Met896,Val),,,,,,,patient lower Gleason score than patient -wt AR- som mutation,Male,Normal ,,"Sanchez et al. BJU Int 98: 1320-1325, 2006",>G,3801,c.2686A,3801A
669,CAIS,Substitut.,8        LBD,,,896,2687,p.(Met896,Thr),,,,,,,Somatic mosaicism,Male,Ambiguous ,,"Kohler et al. J Clin Endocrinol Metab 90: 106-111, 2005",>C,3802,c.2687T,3802T
386,CAIS,Substitut.,8        LBD,*,,896,2687,p.(Met896,Thr),,,low,,,,"Reduced
transactivation",Female,Normal ,,"Giwercman et al. Human Genetics 103: 529-531, 1998",>C,3802,c.2687T,3802T
1000,CAIS,Substitut.,8        LBD,,,896,2687,p.(Met896,Thr),26,17,,,,,,Female,Normal ,neg,"Audi et al. J Clin Endocrinol Metab 95: 1876-1888, 2010",>C,3802,c.2687T,3802T
1103,CAIS,Substitut.,8        LBD,*,,896,2687,p.(Met896,Thr),,,,,,,,Female,Normal ,,"Hughes et al. Semin Reprod Med 30: 432-442, 2012",>C,3802,c.2687T,3802T
1104,PAIS,Substitut.,8        LBD,,,897,2690,p.(Ala897,Glu),,,,,,,,,,,"Hughes et al. Semin Reprod Med 30: 432-442, 2012",>A,3085,c.2690,3085C
1105,PAIS,Substitut.,8        LBD,,,898,2693,p.898Glu,Gly,,,,,,,,,,,"Hughes et al. Semin Reprod Med 30: 432-442, 2012",>G,3088,c.2693,3088A
642,PAIS,Substitut.,8        LBD,,,899,2695,p.(Ile899,Phe),19,,,,,,Testis located in labia majora- Separated vaginal & urethra opn,Female,Ambiguous ,pos,"Melo et al. J Clin Endocrinol Metab 88: 3241-3250, 2003",>T,3810,c.2695A,3810A
643,PAIS,Substitut.,8        LBD,,,899,2695,p.(Ile899,Phe),19,,,,,,Testis located in inguinal -Separated vaginal & urethra opn,Female,Ambiguous ,pos,"Melo et al. J Clin Endocrinol Metab 88: 3241-3250, 2003",>T,3810,c.2695A,3810A
644,PAIS,Substitut.,8        LBD,,,899,2695,p.(Ile899,Phe),19,,,,,,Testis located in  inguinal- Single vaginal & urethra opn,Female,Ambiguous ,pos,"Melo et al. J Clin Endocrinol Metab 88: 3241-3250, 2003",>T,3810,c.2695A,3810A
645,PAIS,Substitut.,8        LBD,,,899,2695,p.(Ile899,Phe),19,,,,,,Testis located in inguinal -Separated vaginal & urethra opn,Female,Ambiguous ,pos,"Melo et al. J Clin Endocrinol Metab 88: 3241-3250, 2003",>T,3810,c.2695A,3810A
286,CAIS,Substitut.,8        LBD,,,899,2696,p.(Ile899,Thr),,,,,,,de novo mutation,Female,Normal ,neg,"Hiort et al. J Pediatrics
132: 939- 943, 1998",>C,3811,c.2696T,3811T
649,PAIS,Substitut.,8        LBD,*,,903,2707,p.(Gln903,Lys),,,,high,high,,Involved in TIF2 N/C interaction ,Male,Ambiguous ,pos,"Umar et al. J Cin Endocrinol & Metab 90: 507-515, 2005",>A,3822,c.2707C,3822C
1014,PAIS,Substitut.,8        LBD,,,903,2707,p.(Gln903,Lys),21,17,,,,,mother heterozygote carrier,Female,Ambiguous ,pos,"Audi et al. J Clin Endocrinol Metab 95: 1876-1888, 2010",>A,3822,c.2707C,3822C
287,Prostate cancer,Substitut.,8        LBD,,,903,2708,p.(Gln903,Arg),,,,,,,Somatic mutation in 37% of isolates in initial cloning,Male,Normal ,,"Taplin et al. New England J Med 332: 1393-1398, 1995",>G,3823,c.2708A,3823A
288,PAIS,Substitut.,8        LBD,,,904,2710,p.(Val904,Met),,,low,,,,Qualitative binding abnormality,,,,"McPhaul et al. J Clin Inv 90: 2097, 1992",>A,3825,c.2710G,3825G
1001,CAIS,Substitut.,8        LBD,,,904,2710,p.(Val904,Leu),23,18,,,,,Mother heterozygote carrier,Female,Normal ,pos,"Audi et al. J Clin Endocrinol Metab 95: 1876-1888, 2010",>T,3825,c.2710G,3825G
289,CAIS,Substitut.,8        LBD,,,905,2713,p.(Pro905,Ser),27,23,normal,high,,,,Female,Normal ,,"Pinsky et al. Clin Inv Med, 15: 456-472, 1992",>T,3828,c.2713C,3828C
290,CAIS,Substitut.,8        LBD,,,905,2714,p.(Pro905,His),,,zero,,,,,Female,Normal ,,"McPhaul et al. J Clin Inv, 90: 2097, 1992",>A,3829,c.2714C,3829C
646,CAIS,Substitut.,8        LBD,,,905,2714,p.(Pro905,Val),21,,,,,,Testis located in inguinal region,Female,Normal ,neg,"Melo et al. J Clin Endocrinol Metab 88: 3241-3250, 2003",>G,3829,c.2714C,3829C
1002,CAIS,Deletion,8        LBD,,,906,2715,p.(Pro905,fs),22,17,,,,,mother heterozygote carrier,Female,Normal ,pos,"Audi et al. J Clin Endocrinol Metab 95: 1876-1888, 2010",delC,3830,c.2715,3830
291,CAIS,Substitut.,8        LBD,*,,908,2722,p.(Leu908,Phe),,,low,normal,,,"Decreased transactivat
Epididymis & Vas deferens present
 
",Female,Normal ,,"Hannema et al. J Clin  Endocrinol Metab 89: 5815-5822, 2004",>T,3837,c.2722C,3837C
292,PAIS,Substitut.,8        LBD,*,,910,2728,p.(Gly910,Arg),,,low,low,,,Also silent G to A mutation in codon 213,Female,Ambiguous ,pos,"Choong et al.  J Clin Endocrinol Metab, 81: 236-243, 1996",>A,3843,c.2728G,3843G
374,Prostate cancer,Substitut.,8        LBD,,,910,2729,p.(Gly910,Glu),,,,,,,Somatic mutation,Male,Normal ,,"Takahashi et al. Cancer Research 55: 1621-1624, 1995",>A,3844,c.2729G,3844G
327,"Prostate
cancer",Substitut.,8        LBD,,,911,2732,p.(Lys911,Arg),,,,,,,Somatic mutation,Male,Normal ,,"Watanabe et al. Jpn J Clin Oncol 27: 389-393, 1997",>G,3847,c.2732A,3847A
430,PAIS,Substitut.,8        LBD,,,912,2734,p.(Val912,Leu),19,,,,,,Servere oligozoospermia,Male,Ambiguous ,,"Knoke et al. Andrologia 31: 199-201, 1999",>C,3849,c.2734G,3849G
293,PAIS,Substitut.,8        LBD,,,914,2740,p.(Pro914,Ser),,,,,,,,,,,"Ghirri and Brown. Paed Res, 33(5) Suppl, Abstr 95, 1993",>T,3855,c.2740C,3855C
1015,PAIS,Substitut.,8        LBD,,,914,2740,p.(Pro914,Ser),,,zero,zero,,,,Female,Ambiguous ,neg,"Audi et al. J Clin Endocrinol Metab 95: 1876-1888, 2010",>T,3855,c.2740C,3855C
958,CAIS,Substitut.,8        LBD,,,914,2741,p.(Pro914,Arg),,,,,,,,Female,Normal ,neg,"Wu et al. Fertility & Sterility 93: 2076, e1-4, 2010",>G,3856,c.2741C,3856C
844,CAIS,Deletion,8        LBD,*,,916,,p.(Phe917,*),,,,,,,12nt del. Stop in codon 917 affect sister & aunts. neg. N/C interaction,Female,Normal ,pos,"Werner et al. Sex Dev 2: 73-83, 2008",,,,
318,CAIS,Substitut.,8        LBD,*,,917,2751,p.(Phe917,Leu),,,low,high,,*,,Female,Normal ,,"Radnayr et al. J of Urology 158: 1553-1556, 1997",>G,3866,c.3866C,3866C
477,CAIS,Substitut.,8        LBD,,,918,2753,p.(His918,Arg),,,,,,,,Female,Normal ,,"Ahmed et al. J Clin Endocrinol Metab 85: 658-665, 2000",>G,3868,c.3868A,3868A
303,"Prostate
cancer",Substitut.,,*,,920,2759,p.(Gln920,Arg),,,,,,,Somatic mutation,Male,Normal ,,"Nazareth et al. 79th US Endo Soc Meetings  
Abstr. P2-498, 1997",>G,3874,c.3874A,3874
294,CAIS,Splice,"exon1/
intron1",,,,,,,24,23,,,,,Insertion at +3 position of donor splice site,Female,Normal ,,"Trifiro et al. Eur J Hum Genetics 5: 50-58, 1997",insT,,"c.1616+2
_1616+3",2731+2_2731+3
906,CAIS,Splice,exon1/intron1,,,,,,,,,,,,,Substitution at +5 of donor spice site,Female,Normal ,pos,Philibert et al. Fertility & Sterility 94: 472-476 2010,>C,,c.1616+5G,2731+5G
304,CAIS,Splice,exon2/intron2,,,,,,,,,,,,,Substitution  at +1 pos of donor splice site - lacks exon 2,Female,Normal ,neg,"Hellwinkel et al. J Steroid Biochem Mol Biol 68: 1-9, 1999",>A,,c.1768+1G,2883+1G
479,CAIS,Splice,exon2/intron2,,,,,,,,,zero,,,,,Female,Normal ,,"Ahmed et al. J Clin Endocrinol Metab 85: 658-665, 2000",,,,
480,CAIS,Splice,exon2/intron2,,,,,,,,,,,,,,Female,Normal ,,"Ahmed et al. J Clin Endocrinol Metab 85: 658-665, 2000",,,,
351,CAIS,Splice,exon2/intron2,,,,,,,,,,,,,Substition at + 1 pos of donor splice site,Female,Normal ,,"Hiort et al. J Pediatrics
132: 939- 943, 1998",>A,,c.1768+1G,2883+1G
317,"Breast 
Cancer",Deletion,exon3,,,,,,,,,,,,,delta-exon3AR mRNA: higher express of mut. var in 7/13 breast cancer,Female,Normal ,,"Zhu X et al. Int J Cancer 72: 574-580, 1997",,,,
1022,"Premature 
ovarian failure",Substitut.,exon3/intron 3,,,,,,,,,,,,,Substitution at +9 of donor site. Patient had menopause at 18,Female,Normal ,,"Panda et al. Gyncol Endocrinol 27: 1-7, 2011",>A,,c.1885+9C,3000+9C
295,CAIS,Splice,exon3/intron3,,,,,,,,,,,,,Substitution at +1 position of donor splice site,Female,Normal ,,"Evans et al. J Endocrinol 129 Suppl, Abstr 65, 1991",>A,,c.1885+1G,"3000+1G
  
"
478,CAIS,Splice,exon3/intron3,,,,,,,,,normal,normal,,,Substitution at +1 position of donor splice site,Female,Normal ,,"Ahmed et al. J Clin Endocrinol Metab 85: 658-665, 2000",>A,,c.1885+1G,"3000+1G
  
"
296,CAIS,Splice,exon4/intron4,,,,,,,,,zero,,,,+1 pos of donor site. Splice site activated & p.(684G_724Pdel),Female,Normal ,,"Ris-Stalpers et al. Proc Natl AcadSci 87: 7866-70, 1990",>T,,c.2173+1G,3288+1G
1057,CAIS,Splice,"exon5/intron
5",,,,,,,,,,,,,Mother + a sister carriers,Female,Normal ,pos,"Vasu et al. Genet Test Mol Biomarkers 16:749-755, 2012",>A,,c.2320+1G,3435+1G
1018,CAIS,Splice,"exon6/
intron6",,,,,,,28,17,low,normal,,,Substit. at -44 pos of donor acceptor site ,Female,Normal ,neg,"Audi et al. J Clin Endocrinol Metab 95: 1876-1888, 2010",>A,,c.2450-44G,3565-44G
503,PAIS,Splice,exon6/intron6,,,,,,,,,low,normal,,,"Substit. at +5 position of donor splice site, 
stop  at + 79 bases",Female,Ambiguous ,,"Sammarco et al. J Clin Endocrinol Metab 85: 3256-3261, 2000",>T,,c.2449+5G,3564+5G
541,CAIS,Splice,exon6/intron6,,,,,,,,,zero,,,,"Substit. at +5 position 
of donor splice site.",Female,Normal ,,"Chavez et al. J Hum Genet 46: 560-565, 2001",>C,,c.2449+5G,3564+5G
1029,CAIS,Splice,exon6/intron6,,,,,,,,,,,,,Substitution at +3 pos of donor splice site. Exon 6 skipped,,,,"Trifiro et al. Eur J Hum Genetics 5: 50-58, 1997",>T,,c.2449+3A,3564+3A
298,CAIS,Splice,exon7/intron7,,,,,,,,,zero,,,,"Substit. +1 pos  donor splice, mRNA exon 7del, stop + 10 aa from exon 8",Female,Normal ,pos,"Lim et al. Mol  & Cell Endocrinology 131: 205-210, 1997",>A,,c.2607+1G,3722+1G
502,CAIS,Splice,exon7/intron7,,,,,,,,,,,,,Substitution at + 1 position of donor splice site,Female,Normal ,,"Choi et al. Arch Gynecol Obstet 263: 201-205, 2000",>T,,c.2607+1G,3722+1G
670,CAIS,Splice,exon7/intron7,,,,,,,,,normal,normal,,,Substit. at + 1 pos of donor splice site somtaic mosaicsm,Female,Normal ,,"Kohler et al. J Clin Endocrinol Metab 90: 106-111, 2005",>A,,c.2607+1G,3722+1G
88,PAIS,Deletion,intron2,,,,,,,,,normal,normal,,,"≥6 kb del at -19 pos of acceptor site. 2 transcr: wt, exon3del",Male,Ambiguous ,pos,"Ris-Stalpers et al. Am J Hum Genet 54: 609, 1994",del,,c.?_1769-19,?_2884-19
749,PAIS,Deletion,intron2,,,,,,,,,normal,high,,,"6 kb del of  intron 2,  affects splicing, related to 0750",Male,Ambiguous ,pos,"Boehmer et al. J Clin Endocrinol Metab 86: 4151-4160, 2001",,,,
750,PAIS,Deletion,intron2,,,,,,,,,,,,,related to 0749,Male,Ambiguous ,pos,"Boehmer et al. J Clin Endocrinol Metab 86: 4151-4160, 2001",,,,
299,PAIS,Splice,"intron2/exon
3",,,,,,,,,,,,,"Subst. -11 slice accept. 2 transc: exon3del & +69 nt; 3 affct sib, var phen",Male,Normal ,pos,"Bruggenwirth et al.
Am J Hum Genet 61: 1067-1077, 1997",>A,,c.1769-11T,2884-11T
809,Prostate cancer,Splice,intron2/exon 3,*,,,,,,,,,,,,"AR23 variant, ins 69 nt of intron 2 = 23 aa, affects AR trafficking",Male,Normal ,,"Jagla et al.Endocrinology 148: 4334-43, 2007",ins69,,c.1768_1769,2883_2884
1017,CAIS,Splice,intron2/exon 3,,,,,,,26,18,,,,,Substit at -3 of acceptor site. Aborted fetus,Female,Normal ,pos,"Audi et al. J Clin Endocrinol Metab 95: 1876-1888, 2010",>G,,c.1769-3C,2884-3C
909,Prostate cancer,Splice,intron2/exon3,,,,,,,,,,,,,"AR23 splice variant, ins 69 nt  of intron 2, found in 5/8 cases",Male,Normal ,,"Steinkamp et al. Cancer Res 69: 4434-4442,
2009",ins69,,c.1768_1769,2883_2884
800,CAIS,Splice,intron2/exon3,,,,,,,,,,,,,Subst. -1 pos accept. transc: 2883_2884ins69 ,Male,Normal ,,"Jaaskelainen et al. Hum Mutat 27: 291, 2006",>A,,c.1769-1G,2884-1G
1016,CAIS,Splice,intron2/exon3,,,,,,,13,18,,,,,Substit at -2 of acceptor site. Also Lys591Glu mut,Female,Normal ,pos,"Audi et al. J Clin Endocrinol Metab 95: 1876-1888, 2010",>C,,c.1769-2A,2884-2A
594,CAIS,Splice,intron3/exon4,,,,,,,,,,,,,Substit at -1 of acceptor site.,Female,Normal ,,"Avila et al. J Clin Endocrinol Metab 87: 182-188, 2002",>T,,c.1886-1G,3001-1G
835,PAIS,Substitut.,intron3/exon4,,,,,,,,,,,,,Male to female ,Female,Ambiguous ,,"Melo et al. Arq Bras Endocrinol Metab 49: 87-97, 2005 ",>A,,c.1886-60G,3001-60G
323,Prostate cancer,,3'UTR,,,,,,,,,,,,,"Polymorphism in 3""UTR Somatic mutation",Male,Normal ,,"Paz et al. European Urology 63:56-62, 2005",,,,
